clause_number,title,ucf_section,prescription_citation,last_updated,last_sync,source,status,applies_when,fill_ins,pcd_reference,disposition,rfo_number_or_pcd,post_rfo_date
52.222-33,,L,22.505,"Jan 15, 2026 3:28 PM","Jan 15, 2026 3:28 PM",FAR,updated (PCD 26-03B),,,,Updated,52.222-33,JAN 2026 (PCD 26-03)
52.222-34,,I,22.505,"May 7, 2025 5:02 PM","Sep 27, 2024 12:25 PM",FAR,updated (PCD 26-03B),,,,Updated,52.222-34,JAN 2026 (PCD 26-03)
52.226-7,,I,26.506,"Jan 4, 2025 2:15 AM","Jan 4, 2025 2:15 AM",FAR,no change (PCD 26-03B),,,,No Change,52.226-7,2024-05-01 00:00:00
52.226-8,,I,26.605,"Jan 4, 2025 2:15 AM","Jan 4, 2025 2:15 AM",FAR,no change (PCD 26-03B),,,,No Change,52.226-8,2024-05-01 00:00:00
52.217-10,,'-,17.805,"Mar 7, 2025 1:44 AM","Mar 7, 2025 1:44 AM",FAR,no change (PCD 26-03B),,,,No Change,52.217-10,2024-08-01 00:00:00
52.217-11,,'-,17.805,"Mar 7, 2025 1:45 AM","Mar 7, 2025 1:45 AM",FAR,no change (PCD 26-03B),,,,No Change,52.217-11,2024-08-01 00:00:00
52.217-12,,'-,17.805,"Mar 7, 2025 1:45 AM","Mar 7, 2025 1:45 AM",FAR,no change (PCD 26-03B),,,,No Change,52.217-12,2024-08-01 00:00:00
ARC 52.227-17,,I,ARC 52.227-17,"Nov 15, 2024 10:47 AM",'-,other,not in PCD 26-03B matrix (verify),,,,,,
ARC 52.227-93,,I,ARC 52.227-93,"Aug 11, 2025 7:07 AM",'-,other,not in PCD 26-03B matrix (verify),,,,,,
ARC 52.227-94,,H,ARC 52.227-94,"Aug 11, 2025 7:21 AM",'-,other,not in PCD 26-03B matrix (verify),,,,,,
ARC 52.227-96,,I,ARC 52.227-96,"Aug 11, 2025 7:41 AM",'-,other,not in PCD 26-03B matrix (verify),,,,,,
ARC 52.227-97,,L,ARC 52.227-97,"Aug 11, 2025 7:47 AM",'-,other,not in PCD 26-03B matrix (verify),,,,,,
ARC 52.227-98,,I,ARC 52.227-98,"Aug 11, 2025 7:51 AM",'-,other,not in PCD 26-03B matrix (verify),,,,,,
ARC 52.227-99,,I,ARC 52.227-99,"Nov 15, 2024 12:01 PM",'-,other,not in PCD 26-03B matrix (verify),,,,,,
ARC 52.231-90,,H,ARC 52.231-90,"Nov 15, 2024 12:05 PM",'-,other,not in PCD 26-03B matrix (verify),,,,,,
ARC 52.237-99,,H,ARC 52.237-99,"Nov 15, 2024 12:10 PM",'-,other,not in PCD 26-03B matrix (verify),,,,,,
ARC 52.230-90,,H,ARC 52.230-90,"Nov 15, 2024 12:15 PM",'-,other,not in PCD 26-03B matrix (verify),,,,,,
HQ 52.204-98,,H,HQ 52.204-98,"Nov 15, 2024 12:41 PM",'-,other,not in PCD 26-03B matrix (verify),,,,,,
HQ 52.204-99,,H,HQ 52.204-99,"Nov 15, 2024 12:45 PM",'-,other,not in PCD 26-03B matrix (verify),,,,,,
HQ 52.251-91,,H,HQ 52.251-91,"Nov 15, 2024 12:49 PM",'-,other,not in PCD 26-03B matrix (verify),,,,,,
KSC 52.211-92,,F,KSC 52.211-92,"Nov 15, 2024 12:53 PM",'-,other,not in PCD 26-03B matrix (verify),,,,,,
KSC 1852.223-73,,L,KSC 1852.223-73,"Nov 15, 2024 1:02 PM",'-,other,not in PCD 26-03B matrix (verify),,,,,,
KSC 52.223-121,,H,KSC 52.223-121,"Nov 15, 2024 1:42 PM",'-,other,not in PCD 26-03B matrix (verify),,,,,,
KSC 52.236-130,,H,KSC 52.236-130,"Nov 15, 2024 1:43 PM",'-,other,not in PCD 26-03B matrix (verify),,,,,,
KSC 52.242-90,,H,KSC 52.242-90,"Nov 15, 2024 1:56 PM",'-,other,not in PCD 26-03B matrix (verify),,,,,,
KSC 52.242-93,,H,KSC 52.242-93,"Nov 15, 2024 2:02 PM",'-,other,not in PCD 26-03B matrix (verify),,,,,,
KSC 52.242-93,,H,KSC 52.242-93,"Nov 15, 2024 2:08 PM",'-,other,not in PCD 26-03B matrix (verify),,,,,,
KSC 52.242-93,,H,KSC 52.242-93,"Nov 15, 2024 2:07 PM",'-,other,not in PCD 26-03B matrix (verify),,,,,,
KSC 52.245-90,,H,KSC 52.245-90,"Jun 3, 2026 12:20 PM",'-,other,not in PCD 26-03B matrix (verify),,,,,,
KSC 52.245-97,,H,KSC 52.245-97,"Nov 15, 2024 2:14 PM",'-,other,not in PCD 26-03B matrix (verify),,,,,,
GRC 52.211-109,,D,GRC 52.211-109,"Nov 15, 2024 3:19 PM",'-,other,not in PCD 26-03B matrix (verify),,,,,,
GRC 52.216-102,,H,GRC 52.216-102,"Nov 15, 2024 3:24 PM",'-,other,not in PCD 26-03B matrix (verify),,,,,,
GRC 1852.223-73,,L,GRC 1852.223-73,"Nov 15, 2024 3:27 PM",'-,other,not in PCD 26-03B matrix (verify),,,,,,
GRC 1852.223-73,,L,GRC 1852.223-73,"Nov 15, 2024 3:29 PM",'-,other,not in PCD 26-03B matrix (verify),,,,,,
GRC 52.223-97,,H,GRC 52.223-97,"Nov 15, 2024 3:31 PM",'-,other,not in PCD 26-03B matrix (verify),,,,,,
GRC 52.223-98,,H,GRC 52.223-98,"Nov 15, 2024 3:33 PM",'-,other,not in PCD 26-03B matrix (verify),,,,,,
GRC 52.225-90,,I,GRC 52.225-90,"Nov 15, 2024 3:35 PM",'-,other,not in PCD 26-03B matrix (verify),,,,,,
GRC 52.232-106,,G,GRC 52.232-106,"Nov 15, 2024 3:36 PM",'-,other,not in PCD 26-03B matrix (verify),,,,,,
GRC 52.232-110,,G,GRC 52.232-110,"Feb 21, 2025 3:01 PM",'-,other,not in PCD 26-03B matrix (verify),,,,,,
GRC 1852.235-74,,H,GRC 1852.235-74,"Nov 15, 2024 3:42 PM",'-,other,not in PCD 26-03B matrix (verify),,,,,,
GRC 52.235-90,,H,GRC 52.235-90,"Feb 21, 2025 3:02 PM",'-,other,not in PCD 26-03B matrix (verify),,,,,,
GRC 52.235-91,,L,GRC 52.235-91,"Nov 15, 2024 3:49 PM",'-,other,not in PCD 26-03B matrix (verify),,,,,,
GRC 52.236-13,,H,GRC 52.236-13,"Aug 1, 2025 9:25 AM",'-,other,not in PCD 26-03B matrix (verify),,,,,,
GRC 52.236-98,,H,GRC 52.236-98,"Nov 15, 2024 3:54 PM",'-,other,not in PCD 26-03B matrix (verify),,,,,,
GRC 52.237-91,,H,GRC 52.237-91,"Apr 23, 2025 3:42 PM",'-,other,not in PCD 26-03B matrix (verify),,,,,,
52.202-1,,I,2.201,"Jul 19, 2024 1:01 AM","Jul 19, 2024 1:01 AM",FAR,no change (PCD 26-03B),,,,No Change,52.202-1,2020-06-01 00:00:00
52.203-2,,K,3.103-1,"Mar 14, 2025 1:01 AM","Mar 14, 2025 1:01 AM",FAR,no change (PCD 26-03B),,,,No Change,52.203-2,1985-04-01 00:00:00
52.203-3,,I,3.202,"Feb 9, 2024 1:04 AM","Feb 9, 2024 1:04 AM",FAR,no change (PCD 26-03B),,,,No Change,52.203-3,1984-04-01 00:00:00
52.203-5,,I,3.404,"Feb 9, 2024 1:04 AM","Feb 9, 2024 1:04 AM",FAR,no change (PCD 26-03B),,,,No Change,52.203-5,2014-05-01 00:00:00
52.203-6,,I,3.503-2,"May 7, 2025 5:03 PM","Feb 9, 2024 1:04 AM",FAR,no change (PCD 26-03B),,,,No Change,52.203-6,2020-06-01 00:00:00
52.203-6,,I,3.503-2,"May 7, 2025 5:03 PM","Feb 9, 2024 1:05 AM",FAR,no change (PCD 26-03B),,,,No Change,52.203-6,2020-06-01 00:00:00
52.203-7,,I,3.502-3,"Sep 27, 2024 11:28 AM","Sep 27, 2024 11:28 AM",FAR,no change (PCD 26-03B),,,,No Change,52.203-7,2020-06-01 00:00:00
52.203-8,,I,3.104-9,"Sep 27, 2024 11:28 AM","Sep 27, 2024 11:28 AM",FAR,no change (PCD 26-03B),,,,No Change,52.203-8,2014-05-01 00:00:00
52.203-10,,I,3.104-9,"Sep 27, 2024 11:28 AM","Sep 27, 2024 11:28 AM",FAR,no change (PCD 26-03B),,,,No Change,52.203-10,2014-05-01 00:00:00
52.203-11,,K,3.808(a),"May 11, 2026 12:28 PM","Nov 8, 2024 1:02 AM",FAR,no change (PCD 26-03B),,,,No Change,52.203-11,2024-09-01 00:00:00
52.203-12,,I,3.808,"Dec 8, 2025 4:18 PM","Dec 8, 2025 4:18 PM",FAR,no change (PCD 26-03B),,,,No Change,52.203-12,2020-06-01 00:00:00
52.203-13,,I,3.1004(a),"May 11, 2026 12:28 PM","Sep 27, 2024 11:29 AM",FAR,no change (PCD 26-03B),,,,No Change,52.203-13,2021-11-01 00:00:00
52.203-14,,I,3.1004,"Mar 14, 2025 1:03 AM","Mar 14, 2025 1:03 AM",FAR,no change (PCD 26-03B),,,,No Change,52.203-14,2021-11-01 00:00:00
52.203-16,,I,3.1106,"Sep 27, 2024 11:29 AM","Sep 27, 2024 11:29 AM",FAR,no change (PCD 26-03B),,,,No Change,52.203-16,2020-06-01 00:00:00
52.203-18,,K,3.909-3,"Feb 9, 2024 1:06 AM","Feb 9, 2024 1:06 AM",FAR,no change (PCD 26-03B),,,,No Change,52.203-18,2017-01-01 00:00:00
52.203-19,,I,3.909-3,"Feb 9, 2024 1:06 AM","Feb 9, 2024 1:06 AM",FAR,no change (PCD 26-03B),,,,No Change,52.203-19,2017-01-01 00:00:00
52.204-2,,I,4.404,"May 7, 2025 5:04 PM","Jan 17, 2025 1:04 AM",FAR,moved (PCD 26-03B),,,,Moved,52.240-92,JAN 2026 (PCD 26-03)
52.204-2,,I,4.404,"May 7, 2025 5:04 PM","Jan 17, 2025 1:04 AM",FAR,moved (PCD 26-03B),,,,Moved,52.240-92,JAN 2026 (PCD 26-03)
52.204-2,,I,4.404,"May 7, 2025 5:05 PM","Jan 17, 2025 1:05 AM",FAR,moved (PCD 26-03B),,,,Moved,52.240-92,JAN 2026 (PCD 26-03)
52.204-4,,I,4.303,"Apr 4, 2025 12:42 PM","Apr 4, 2025 12:42 PM",FAR,not in PCD 26-03B matrix (verify),,,,,,
52.204-5,,K,4.607,"Mar 14, 2025 1:05 AM","Mar 14, 2025 1:05 AM",FAR,no change (PCD 26-03B),,,,No Change,52.204-5,2014-10-01 00:00:00
52.204-7,,L,4.1105,"May 7, 2025 5:06 PM","Jan 17, 2025 1:05 AM",FAR,updated (PCD 26-03B),,,,Updated,52.204-7,JAN 2026 (PCD 26-03)
52.204-7,,L,4.1105,"May 7, 2025 5:06 PM","Jan 17, 2025 1:05 AM",FAR,updated (PCD 26-03B),,,,Updated,52.204-7,JAN 2026 (PCD 26-03)
52.204-9,,I,4.1303,"Feb 9, 2024 1:08 AM","Feb 9, 2024 1:08 AM",FAR,no change (PCD 26-03B),,,,No Change,52.204-9,2011-01-01 00:00:00
52.204-10,,I,4.1403,"Feb 9, 2024 1:08 AM","Feb 9, 2024 1:08 AM",FAR,updated (PCD 26-03B),,,,Updated,52.204-10,JAN 2026 (PCD 26-03)
52.204-13,,I,4.1105,"Feb 9, 2024 1:09 AM","Feb 9, 2024 1:09 AM",FAR,updated (PCD 26-03B),,,,Updated,52.204-13,JAN 2026 (PCD 26-03)
52.204-14,,I,4.1705,"Feb 9, 2024 1:09 AM","Feb 9, 2024 1:09 AM",FAR,updated (PCD 26-03B),,,,Updated,52.204-14,JAN 2026 (PCD 26-03)
52.204-15,,I,4.1705,"Feb 9, 2024 1:09 AM","Feb 9, 2024 1:09 AM",FAR,updated (PCD 26-03B),,,,Updated,52.204-15,JAN 2026 (PCD 26-03)
52.204-19,,I,4.1202,"Jan 17, 2025 1:08 AM","Jan 17, 2025 1:08 AM",FAR,no change (PCD 26-03B),,,,No Change,52.204-19,2014-12-01 00:00:00
52.204-21,,I,4.1903,"Sep 27, 2024 11:34 AM","Sep 27, 2024 11:34 AM",FAR,moved (PCD 26-03B),,,,Moved,52.240-93,JAN 2026 (PCD 26-03)
52.207-4,,K,7.203,"Mar 14, 2025 1:11 AM","Mar 14, 2025 1:11 AM",FAR,no change (PCD 26-03B),,,,No Change,52.207-4,1987-08-01 00:00:00
52.207-5,,I,7.404,"Mar 14, 2025 1:11 AM","Mar 14, 2025 1:11 AM",FAR,no change (PCD 26-03B),,,,No Change,52.207-5,1995-02-01 00:00:00
52.207-6,,L,7.107-6,"Oct 4, 2024 1:11 AM","Oct 4, 2024 1:11 AM",FAR,no change (PCD 26-03B),,,,No Change,52.207-6,2024-08-01 00:00:00
52.208-8,,I,8.505,"Apr 14, 2025 12:05 PM","Apr 14, 2025 12:05 PM",FAR,not in PCD 26-03B matrix (verify),,,,,,
52.208-9,,I,8.105-1(b),"Dec 9, 2025 11:14 AM","Sep 27, 2024 11:38 AM",FAR,updated (PCD 26-03B),,,,Updated,52.208-9,JAN 2026 (PCD 26-03)
52.209-1,,I,9.206-2,"Mar 14, 2025 1:12 AM","Mar 14, 2025 1:12 AM",FAR,updated (PCD 26-03B),,,,Updated,52.209-1,JAN 2026 (PCD 26-03)
52.209-2,,K,9.108-5,"Mar 14, 2025 1:12 AM","Mar 14, 2025 1:12 AM",FAR,updated (PCD 26-03B),,,,Updated,52.209-2,JAN 2026 (PCD 26-03)
52.209-3,,I,9.308-1,"May 7, 2025 5:16 PM","Mar 14, 2025 1:12 AM",FAR,updated (PCD 26-03B),,,,Updated,52.209-3,JAN 2026 (PCD 26-03)
52.209-3,,I,9.308-1,"May 7, 2025 5:14 PM","Mar 14, 2025 1:13 AM",FAR,updated (PCD 26-03B),,,,Updated,52.209-3,JAN 2026 (PCD 26-03)
52.209-3,,I,9.308-1,"May 7, 2025 5:13 PM","Mar 14, 2025 1:13 AM",FAR,updated (PCD 26-03B),,,,Updated,52.209-3,JAN 2026 (PCD 26-03)
52.209-4,,I,9.308-2,"May 7, 2025 5:14 PM","Mar 14, 2025 1:13 AM",FAR,updated (PCD 26-03B),,,,Updated,52.209-4,JAN 2026 (PCD 26-03)
52.209-4,,I,9.308-2,"May 7, 2025 5:15 PM","Mar 14, 2025 1:13 AM",FAR,updated (PCD 26-03B),,,,Updated,52.209-4,JAN 2026 (PCD 26-03)
52.209-4,,I,9.308-2,"May 7, 2025 5:15 PM","Mar 14, 2025 1:13 AM",FAR,updated (PCD 26-03B),,,,Updated,52.209-4,JAN 2026 (PCD 26-03)
52.209-5,,K,9.104-7,"Mar 14, 2025 1:14 AM","Mar 14, 2025 1:14 AM",FAR,updated (PCD 26-03B),,,,Updated,52.209-5,JAN 2026 (PCD 26-03)
52.209-6,,I,9.409,"Jan 17, 2025 1:14 AM","Jan 17, 2025 1:14 AM",FAR,updated (PCD 26-03B),,,,Updated,52.209-6,JAN 2026 (PCD 26-03)
52.209-7,,K,9.104-7,"Mar 14, 2025 1:14 AM","Mar 14, 2025 1:14 AM",FAR,updated (PCD 26-03B),,,,Updated,52.209-7,JAN 2026 (PCD 26-03)
52.209-9,,I,9.104-7,"Feb 9, 2024 1:14 AM","Feb 9, 2024 1:14 AM",FAR,updated (PCD 26-03B),,,,Updated,52.209-9,JAN 2026 (PCD 26-03)
52.209-10,,I,9.108-5,"Feb 9, 2024 1:15 AM","Feb 9, 2024 1:15 AM",FAR,updated (PCD 26-03B),,,,Updated,52.209-10,JAN 2026 (PCD 26-03)
52.209-11,,K,9.104-7,"Mar 14, 2025 1:14 AM","Mar 14, 2025 1:14 AM",FAR,updated (PCD 26-03B),,,,Updated,52.209-11,JAN 2026 (PCD 26-03)
52.209-12,,K,9.104-7,"Mar 14, 2025 1:15 AM","Mar 14, 2025 1:15 AM",FAR,no change (PCD 26-03B),,,,No Change,52.209-12,2025-10-01 00:00:00
52.209-13,,K,9.109-5,"Feb 9, 2024 1:15 AM","Feb 9, 2024 1:15 AM",FAR,updated (PCD 26-03B),,,,Updated,52.209-13,JAN 2026 (PCD 26-03)
52.209-14,,I,9.110-5,"Sep 27, 2024 11:41 AM","Sep 27, 2024 11:41 AM",FAR,no change (PCD 26-03B),,,,No Change,52.209-14,2021-11-01 00:00:00
52.210-1,,I,10.003,"Feb 9, 2024 1:15 AM","Feb 9, 2024 1:15 AM",FAR,updated (PCD 26-03B),,,,Updated,52.210-1,JAN 2026 (PCD 26-03)
52.211-5,,I,11.302,"Sep 27, 2024 11:42 AM","Sep 27, 2024 11:42 AM",FAR,updated (PCD 26-03B),,,,Updated,52.211-5,JAN 2026 (PCD 26-03)
52.211-11,,I,11.503,"Mar 14, 2025 1:18 AM","Mar 14, 2025 1:18 AM",FAR,no change (PCD 26-03B),,,,No Change,52.211-11,2000-09-01 00:00:00
52.211-12,,F,11.503,"Mar 14, 2025 1:19 AM","Mar 14, 2025 1:19 AM",FAR,no change (PCD 26-03B),,,,No Change,52.211-12,2000-09-01 00:00:00
52.211-13,,F,11.503,"Feb 9, 2024 1:18 AM","Feb 9, 2024 1:18 AM",FAR,no change (PCD 26-03B),,,,No Change,52.211-13,2000-09-01 00:00:00
52.211-14,,L,11.604,"Mar 14, 2025 1:19 AM","Mar 14, 2025 1:19 AM",FAR,no change (PCD 26-03B),,,,No Change,52.211-14,2008-04-01 00:00:00
52.211-15,,I,11.604,"Feb 9, 2024 1:18 AM","Feb 9, 2024 1:18 AM",FAR,no change (PCD 26-03B),,,,No Change,52.211-15,2008-04-01 00:00:00
52.212-1,,I,12.301,"Aug 6, 2025 2:08 PM","Mar 7, 2025 1:20 AM",FAR,updated (PCD 26-03B),,,,Updated,52.212-1,JAN 2026 (PCD 26-03)
52.212-2,,I,12.301,"Aug 6, 2025 2:09 PM","Mar 14, 2025 1:20 AM",FAR,updated (PCD 26-03B),,,,Updated,52.212-2,JAN 2026 (PCD 26-03)
52.212-4,,I,12.301,"May 7, 2025 5:25 PM","Mar 14, 2025 1:21 AM",FAR,updated (PCD 26-03B),,,,Updated,52.212-4,JAN 2026 (PCD 26-03)
52.212-4,,I,12.301,"May 7, 2025 5:26 PM","Mar 14, 2025 1:21 AM",FAR,updated (PCD 26-03B),,,,Updated,52.212-4,JAN 2026 (PCD 26-03)
52.213-1,,G,13.404,"Feb 9, 2024 1:20 AM","Feb 9, 2024 1:20 AM",FAR,moved (PCD 26-03B),,,,Moved,52.232-90,JAN 2026 (PCD 26-03)
52.214-3,,L,14.201-6,"Feb 9, 2024 1:21 AM","Feb 9, 2024 1:21 AM",FAR,updated (PCD 26-03B),,,,Updated,52.214-3,JAN 2026 (PCD 26-03)
52.214-4,,L,14.201-6,"Sep 27, 2024 11:49 AM","Sep 27, 2024 11:49 AM",FAR,no change (PCD 26-03B),,,,No Change,52.214-4,1984-04-01 00:00:00
52.214-5,,L,14.201-6,"Feb 9, 2024 1:21 AM","Feb 9, 2024 1:21 AM",FAR,updated (PCD 26-03B),,,,Updated,52.214-5,JAN 2026 (PCD 26-03)
52.214-6,,L,14.201-6,"Feb 9, 2024 1:21 AM","Feb 9, 2024 1:21 AM",FAR,no change (PCD 26-03B),,,,No Change,52.214-6,1984-04-01 00:00:00
52.214-7,,L,14.201-6,"Feb 9, 2024 1:21 AM","Feb 9, 2024 1:21 AM",FAR,updated (PCD 26-03B),,,,Updated,52.214-7,JAN 2026 (PCD 26-03)
52.214-10,,L,14.201-6,"Feb 9, 2024 1:21 AM","Feb 9, 2024 1:21 AM",FAR,no change (PCD 26-03B),,,,No Change,52.214-10,1990-07-01 00:00:00
52.214-12,,L,14.201-6,"Feb 9, 2024 1:21 AM","Feb 9, 2024 1:21 AM",FAR,no change (PCD 26-03B),,,,No Change,52.214-12,1984-04-01 00:00:00
52.214-14,,K,14.201-6,"Mar 14, 2025 1:24 AM","Mar 14, 2025 1:24 AM",FAR,no change (PCD 26-03B),,,,No Change,52.214-14,1985-04-01 00:00:00
52.214-15,,L,14.201-6,"Mar 14, 2025 1:24 AM","Mar 14, 2025 1:24 AM",FAR,no change (PCD 26-03B),,,,No Change,52.214-15,1984-04-01 00:00:00
52.214-16,,K,14.201-6,"Mar 14, 2025 1:24 AM","Mar 14, 2025 1:24 AM",FAR,no change (PCD 26-03B),,,,No Change,52.214-16,1984-04-01 00:00:00
52.214-18,,L,14.201-6,"Feb 9, 2024 1:22 AM","Feb 9, 2024 1:22 AM",FAR,no change (PCD 26-03B),,,,No Change,52.214-18,1984-04-01 00:00:00
52.214-19,,L,14.201-6,"Feb 9, 2024 1:22 AM","Feb 9, 2024 1:22 AM",FAR,no change (PCD 26-03B),,,,No Change,52.214-19,1996-08-01 00:00:00
52.214-20,,L,14.201-6,"May 7, 2025 5:28 PM","Mar 14, 2025 1:24 AM",FAR,no change (PCD 26-03B),,,,No Change,52.214-20,2002-04-01 00:00:00
52.214-20,,L,14.201-6,"May 7, 2025 5:28 PM","Mar 14, 2025 1:25 AM",FAR,no change (PCD 26-03B),,,,No Change,52.214-20,2002-04-01 00:00:00
52.214-20,,L,14.201-6,"May 7, 2025 5:29 PM","Mar 14, 2025 1:25 AM",FAR,no change (PCD 26-03B),,,,No Change,52.214-20,2002-04-01 00:00:00
52.214-21,,L,14.201-6,"May 7, 2025 5:29 PM","Mar 14, 2025 1:25 AM",FAR,no change (PCD 26-03B),,,,No Change,52.214-21,2002-04-01 00:00:00
52.214-21,,L,14.201-6,"May 7, 2025 5:30 PM","Mar 14, 2025 1:25 AM",FAR,no change (PCD 26-03B),,,,No Change,52.214-21,2002-04-01 00:00:00
52.214-22,,M,14.201-6,"Feb 9, 2024 1:23 AM","Feb 9, 2024 1:23 AM",FAR,no change (PCD 26-03B),,,,No Change,52.214-22,1990-03-01 00:00:00
52.214-23,,L,14.201-6,"Feb 9, 2024 1:23 AM","Feb 9, 2024 1:23 AM",FAR,updated (PCD 26-03B),,,,Updated,52.214-23,JAN 2026 (PCD 26-03)
52.214-24,,M,14.201-6,"Feb 9, 2024 1:23 AM","Feb 9, 2024 1:23 AM",FAR,no change (PCD 26-03B),,,,No Change,52.214-24,1984-04-01 00:00:00
52.214-25,,L,14.201-6,"Mar 14, 2025 1:26 AM","Mar 14, 2025 1:26 AM",FAR,updated (PCD 26-03B),,,,Updated,52.214-25,JAN 2026 (PCD 26-03)
52.214-26,,I,14.201-7,"May 7, 2025 5:30 PM","Feb 9, 2024 1:24 AM",FAR,updated (PCD 26-03B),,,,Updated,52.214-26,JAN 2026 (PCD 26-03)
52.214-27,,I,14.201-7,"Sep 27, 2024 11:53 AM","Sep 27, 2024 11:53 AM",FAR,no change (PCD 26-03B),,,,No Change,52.214-27,2020-06-01 00:00:00
52.214-28,,I,14.201-7,"May 7, 2025 5:31 PM","Feb 9, 2024 1:24 AM",FAR,updated (PCD 26-03B),,,,Updated,52.214-28,JAN 2026 (PCD 26-03)
52.214-28,,I,14.201-7,"May 7, 2025 5:31 PM","Feb 9, 2024 1:24 AM",FAR,updated (PCD 26-03B),,,,Updated,52.214-28,JAN 2026 (PCD 26-03)
52.214-29,,I,14.201-7,"Feb 9, 2024 1:24 AM","Feb 9, 2024 1:24 AM",FAR,no change (PCD 26-03B),,,,No Change,52.214-29,1986-01-01 00:00:00
52.214-34,,L,14.201-6,"Feb 9, 2024 1:25 AM","Feb 9, 2024 1:25 AM",FAR,no change (PCD 26-03B),,,,No Change,52.214-34,1991-04-01 00:00:00
52.214-35,,L,14.201-6,"Feb 9, 2024 1:25 AM","Feb 9, 2024 1:25 AM",FAR,no change (PCD 26-03B),,,,No Change,52.214-35,1991-04-01 00:00:00
52.215-1,,L,15.209,"May 7, 2025 5:32 PM","Sep 27, 2024 11:54 AM",FAR,updated (PCD 26-03B),,,,Updated,52.215-1,JAN 2026 (PCD 26-03)
52.215-1,,L,15.209,"May 7, 2025 5:33 PM","Sep 27, 2024 11:55 AM",FAR,updated (PCD 26-03B),,,,Updated,52.215-1,JAN 2026 (PCD 26-03)
52.215-1,,L,15.209,"May 7, 2025 5:33 PM","Sep 27, 2024 11:55 AM",FAR,updated (PCD 26-03B),,,,Updated,52.215-1,JAN 2026 (PCD 26-03)
52.215-2,,I,15.209,"May 7, 2025 4:51 PM","Sep 27, 2024 11:55 AM",FAR,updated (PCD 26-03B),,,,Updated,52.215-2,JAN 2026 (PCD 26-03)
52.215-2,,I,15.209,"May 7, 2025 4:54 PM","Sep 27, 2024 11:55 AM",FAR,updated (PCD 26-03B),,,,Updated,52.215-2,JAN 2026 (PCD 26-03)
52.215-2,,I,15.209,"May 7, 2025 4:55 PM","Sep 27, 2024 11:56 AM",FAR,updated (PCD 26-03B),,,,Updated,52.215-2,JAN 2026 (PCD 26-03)
52.215-6,,K,15.209,"Mar 14, 2025 1:29 AM","Mar 14, 2025 1:29 AM",FAR,updated (PCD 26-03B),,,,Updated,52.215-6,JAN 2026 (PCD 26-03)
52.215-8,,I,15.209,"Sep 27, 2024 11:56 AM","Sep 27, 2024 11:56 AM",FAR,updated (PCD 26-03B),,,,Updated,52.215-8,JAN 2026 (PCD 26-03)
52.215-9,,I,15.408,"May 7, 2025 5:38 PM","Sep 27, 2024 11:56 AM",FAR,no change (PCD 26-03B),,,,No Change,52.215-9,1997-10-01 00:00:00
52.215-9,,I,15.408,"May 7, 2025 5:38 PM","Sep 27, 2024 11:57 AM",FAR,no change (PCD 26-03B),,,,No Change,52.215-9,1997-10-01 00:00:00
52.215-9,,I,15.408,"May 7, 2025 5:38 PM","Sep 27, 2024 11:57 AM",FAR,no change (PCD 26-03B),,,,No Change,52.215-9,1997-10-01 00:00:00
52.215-10,,I,15.408,"Sep 27, 2024 11:57 AM","Sep 27, 2024 11:57 AM",FAR,no change (PCD 26-03B),,,,No Change,52.215-10,2011-08-01 00:00:00
52.215-11,,I,15.408,"Sep 27, 2024 11:57 AM","Sep 27, 2024 11:57 AM",FAR,updated (PCD 26-03B),,,,Updated,52.215-11,JAN 2026 (PCD 26-03)
52.215-12,,I,15.408,"May 7, 2025 5:34 PM","Sep 27, 2024 11:57 AM",FAR,updated (PCD 26-03B),,,,Updated,52.215-12,JAN 2026 (PCD 26-03)
52.215-12,,I,15.408,"May 7, 2025 5:34 PM","Sep 27, 2024 11:58 AM",FAR,updated (PCD 26-03B),,,,Updated,52.215-12,JAN 2026 (PCD 26-03)
52.215-13,,I,15.408,"May 7, 2025 5:35 PM","Feb 9, 2024 1:27 AM",FAR,updated (PCD 26-03B),,,,Updated,52.215-13,JAN 2026 (PCD 26-03)
52.215-13,,I,15.408,"May 7, 2025 5:36 PM","Feb 9, 2024 1:27 AM",FAR,updated (PCD 26-03B),,,,Updated,52.215-13,JAN 2026 (PCD 26-03)
52.215-14,,I,15.408,"May 7, 2025 5:36 PM","Feb 9, 2024 1:27 AM",FAR,no change (PCD 26-03B),,,,No Change,52.215-14,2021-11-01 00:00:00
52.215-14,,I,15.408,"May 7, 2025 5:37 PM","Feb 9, 2024 1:28 AM",FAR,no change (PCD 26-03B),,,,No Change,52.215-14,2021-11-01 00:00:00
52.215-15,,I,15.408,"Feb 9, 2024 1:28 AM","Feb 9, 2024 1:28 AM",FAR,updated (PCD 26-03B),,,,Updated,52.215-15,JAN 2026 (PCD 26-03)
52.215-16,,L,15.408,"Feb 9, 2024 1:28 AM","Feb 9, 2024 1:28 AM",FAR,no change (PCD 26-03B),,,,No Change,52.215-16,2003-06-01 00:00:00
52.215-17,,I,15.408,"Feb 9, 2024 1:28 AM","Feb 9, 2024 1:28 AM",FAR,no change (PCD 26-03B),,,,No Change,52.215-17,1997-10-01 00:00:00
52.215-18,,I,15.408,"Feb 9, 2024 1:28 AM","Feb 9, 2024 1:28 AM",FAR,updated (PCD 26-03B),,,,Updated,52.215-18,JAN 2026 (PCD 26-03)
52.215-19,,I,15.408,"Feb 9, 2024 1:28 AM","Feb 9, 2024 1:28 AM",FAR,updated (PCD 26-03B),,,,Updated,52.215-19,JAN 2026 (PCD 26-03)
52.215-20,,L,15.408,"May 7, 2025 5:40 PM","Mar 14, 2025 1:33 AM",FAR,updated (PCD 26-03B),,,,Updated,52.215-20,JAN 2026 (PCD 26-03)
52.215-20,,L,15.408,"May 7, 2025 5:41 PM","Mar 14, 2025 1:33 AM",FAR,updated (PCD 26-03B),,,,Updated,52.215-20,JAN 2026 (PCD 26-03)
52.215-20,,L,15.408,"May 7, 2025 5:42 PM","Mar 14, 2025 1:33 AM",FAR,updated (PCD 26-03B),,,,Updated,52.215-20,JAN 2026 (PCD 26-03)
52.215-20,,L,15.408,"May 7, 2025 5:42 PM","Mar 14, 2025 1:34 AM",FAR,updated (PCD 26-03B),,,,Updated,52.215-20,JAN 2026 (PCD 26-03)
52.215-20,,L,15.408,"May 7, 2025 5:43 PM","Mar 14, 2025 1:34 AM",FAR,updated (PCD 26-03B),,,,Updated,52.215-20,JAN 2026 (PCD 26-03)
52.215-21,,I,15.408,"May 7, 2025 5:44 PM","Mar 14, 2025 1:34 AM",FAR,updated (PCD 26-03B),,,,Updated,52.215-21,JAN 2026 (PCD 26-03)
52.215-21,,I,15.408,"May 7, 2025 5:44 PM","Mar 14, 2025 1:34 AM",FAR,updated (PCD 26-03B),,,,Updated,52.215-21,JAN 2026 (PCD 26-03)
52.215-21,,I,15.408,"May 7, 2025 5:45 PM","Mar 14, 2025 1:34 AM",FAR,updated (PCD 26-03B),,,,Updated,52.215-21,JAN 2026 (PCD 26-03)
52.215-21,,I,15.408,"May 7, 2025 5:45 PM","Mar 14, 2025 1:34 AM",FAR,updated (PCD 26-03B),,,,Updated,52.215-21,JAN 2026 (PCD 26-03)
52.215-21,,I,15.408,"May 7, 2025 5:46 PM","Mar 14, 2025 1:35 AM",FAR,updated (PCD 26-03B),,,,Updated,52.215-21,JAN 2026 (PCD 26-03)
52.215-22,,L,15.408,"Feb 9, 2024 1:30 AM","Feb 9, 2024 1:30 AM",FAR,updated (PCD 26-03B),,,,Updated,52.215-22,JAN 2026 (PCD 26-03)
52.215-23,,I,15.408,"May 7, 2025 5:46 PM","Feb 9, 2024 1:30 AM",FAR,updated (PCD 26-03B),,,,Updated,52.215-23,JAN 2026 (PCD 26-03)
52.215-23,,I,15.408,"May 7, 2025 5:47 PM","Feb 9, 2024 1:30 AM",FAR,updated (PCD 26-03B),,,,Updated,52.215-23,JAN 2026 (PCD 26-03)
52.216-1,,L,16.105,"Mar 14, 2025 1:35 AM","Mar 14, 2025 1:35 AM",FAR,updated (PCD 26-03B),,,,Updated,52.216-1,JAN 2026 (PCD 26-03)
52.216-2,,I,16.203-4,"Mar 14, 2025 1:36 AM","Mar 14, 2025 1:36 AM",FAR,no change (PCD 26-03B),,,,No Change,52.216-2,2021-11-01 00:00:00
52.216-3,,I,16.203-4,"Mar 14, 2025 1:36 AM","Mar 14, 2025 1:36 AM",FAR,no change (PCD 26-03B),,,,No Change,52.216-3,2021-11-01 00:00:00
52.216-4,,I,16.203-4,"Feb 9, 2024 1:31 AM","Feb 9, 2024 1:31 AM",FAR,no change (PCD 26-03B),,,,No Change,52.216-4,2017-01-01 00:00:00
52.216-5,,I,16.205-4,"Mar 14, 2025 1:36 AM","Mar 14, 2025 1:36 AM",FAR,updated (PCD 26-03B),,,,Updated,52.216-5,JAN 2026 (PCD 26-03)
52.216-6,,I,16.206-4,"Mar 14, 2025 1:36 AM","Mar 14, 2025 1:36 AM",FAR,updated (PCD 26-03B),,,,Updated,52.216-6,JAN 2026 (PCD 26-03)
52.216-7,,I,16.307,"May 7, 2025 5:48 PM","Mar 14, 2025 1:36 AM",FAR,updated (PCD 26-03B),,,,Updated,52.216-7,JAN 2026 (PCD 26-03)
52.216-7,,I,16.307,"May 7, 2025 5:49 PM","Mar 14, 2025 1:37 AM",FAR,updated (PCD 26-03B),,,,Updated,52.216-7,JAN 2026 (PCD 26-03)
52.216-7,,I,16.307,"May 7, 2025 5:50 PM","Mar 14, 2025 1:37 AM",FAR,updated (PCD 26-03B),,,,Updated,52.216-7,JAN 2026 (PCD 26-03)
52.216-7,,I,16.307,"May 7, 2025 5:50 PM","Mar 14, 2025 1:37 AM",FAR,updated (PCD 26-03B),,,,Updated,52.216-7,JAN 2026 (PCD 26-03)
52.216-7,,I,16.307,"May 7, 2025 5:51 PM","Mar 14, 2025 1:37 AM",FAR,updated (PCD 26-03B),,,,Updated,52.216-7,JAN 2026 (PCD 26-03)
52.216-8,,I,16.307,"Feb 9, 2024 1:32 AM","Feb 9, 2024 1:32 AM",FAR,no change (PCD 26-03B),,,,No Change,52.216-8,2011-06-01 00:00:00
52.216-9,,I,16.307,"Feb 9, 2024 1:32 AM","Feb 9, 2024 1:32 AM",FAR,no change (PCD 26-03B),,,,No Change,52.216-9,2011-06-01 00:00:00
52.216-10,,I,16.307,"Mar 14, 2025 1:38 AM","Mar 14, 2025 1:38 AM",FAR,no change (PCD 26-03B),,,,No Change,52.216-10,2011-06-01 00:00:00
52.216-11,,I,16.307,"May 7, 2025 5:52 PM","Mar 14, 2025 1:38 AM",FAR,no change (PCD 26-03B),,,,No Change,52.216-11,1984-04-01 00:00:00
52.216-12,,I,16.307,"May 7, 2025 5:52 PM","Mar 14, 2025 1:38 AM",FAR,no change (PCD 26-03B),,,,No Change,52.216-12,1984-04-01 00:00:00
52.216-15,,I,16.307,"Feb 9, 2024 1:33 AM","Feb 9, 2024 1:33 AM",FAR,no change (PCD 26-03B),,,,No Change,52.216-15,1998-04-01 00:00:00
52.216-16,,I,16.406,"May 7, 2025 5:53 PM","Mar 14, 2025 1:39 AM",FAR,updated (PCD 26-03B),,,,Updated,52.216-16,JAN 2026 (PCD 26-03)
52.216-16,,I,16.406,"May 7, 2025 5:54 PM","Mar 14, 2025 1:39 AM",FAR,updated (PCD 26-03B),,,,Updated,52.216-16,JAN 2026 (PCD 26-03)
52.216-17,,I,16.406,"May 7, 2025 5:54 PM","Mar 14, 2025 1:39 AM",FAR,updated (PCD 26-03B),,,,Updated,52.216-17,JAN 2026 (PCD 26-03)
52.216-17,,I,16.406,"May 7, 2025 5:55 PM","Mar 14, 2025 1:40 AM",FAR,updated (PCD 26-03B),,,,Updated,52.216-17,JAN 2026 (PCD 26-03)
52.216-18,,I,16.506,"Mar 14, 2025 1:40 AM","Mar 14, 2025 1:40 AM",FAR,no change (PCD 26-03B),,,,No Change,52.216-18,2020-08-01 00:00:00
52.216-19,,I,16.506,"Feb 9, 2024 1:34 AM","Feb 9, 2024 1:34 AM",FAR,no change (PCD 26-03B),,,,No Change,52.216-19,1995-10-01 00:00:00
52.216-20,,I,16.506,"Mar 14, 2025 1:40 AM","Mar 14, 2025 1:40 AM",FAR,no change (PCD 26-03B),,,,No Change,52.216-20,1995-10-01 00:00:00
52.216-21,,I,16.506,"May 7, 2025 5:56 PM","Mar 14, 2025 1:40 AM",FAR,updated (PCD 26-03B),,,,Updated,52.216-21,JAN 2026 (PCD 26-03)
52.216-21,,I,16.506,"May 7, 2025 5:57 PM","Mar 14, 2025 1:40 AM",FAR,updated (PCD 26-03B),,,,Updated,52.216-21,JAN 2026 (PCD 26-03)
52.216-21,,I,16.506,"May 7, 2025 5:57 PM","Mar 14, 2025 1:41 AM",FAR,updated (PCD 26-03B),,,,Updated,52.216-21,JAN 2026 (PCD 26-03)
52.216-21,,I,16.506,"May 7, 2025 5:58 PM","Mar 14, 2025 1:41 AM",FAR,updated (PCD 26-03B),,,,Updated,52.216-21,JAN 2026 (PCD 26-03)
52.216-21,,I,16.506,"May 7, 2025 5:58 PM","Mar 14, 2025 1:41 AM",FAR,updated (PCD 26-03B),,,,Updated,52.216-21,JAN 2026 (PCD 26-03)
52.216-22,,I,16.506,"Mar 14, 2025 1:41 AM","Mar 14, 2025 1:41 AM",FAR,updated (PCD 26-03B),,,,Updated,52.216-22,JAN 2026 (PCD 26-03)
52.216-23,,I,16.603-4,"Mar 14, 2025 1:41 AM","Mar 14, 2025 1:41 AM",FAR,no change (PCD 26-03B),,,,No Change,52.216-23,1984-04-01 00:00:00
52.216-24,,I,16.603-4,"Mar 14, 2025 1:42 AM","Mar 14, 2025 1:42 AM",FAR,no change (PCD 26-03B),,,,No Change,52.216-24,1984-04-01 00:00:00
52.216-25,,I,16.603-4,"Nov 25, 2025 1:35 PM","Mar 14, 2025 1:42 AM",FAR,updated (PCD 26-03B),,,,Updated,52.216-25,JAN 2026 (PCD 26-03)
52.216-25,,I,16.603-4,"May 7, 2025 5:59 PM","Mar 14, 2025 1:42 AM",FAR,updated (PCD 26-03B),,,,Updated,52.216-25,JAN 2026 (PCD 26-03)
52.216-26,,I,16.603-4,"Sep 27, 2024 12:09 PM","Sep 27, 2024 12:09 PM",FAR,no change (PCD 26-03B),,,,No Change,52.216-26,2002-12-01 00:00:00
52.216-27,,L,16.506,"Feb 9, 2024 1:35 AM","Feb 9, 2024 1:35 AM",FAR,no change (PCD 26-03B),,,,No Change,52.216-27,1995-10-01 00:00:00
52.216-28,,L,16.506,"Feb 9, 2024 1:36 AM","Feb 9, 2024 1:36 AM",FAR,no change (PCD 26-03B),,,,No Change,52.216-28,1995-10-01 00:00:00
52.216-29,,L,16.601,"Feb 9, 2024 1:36 AM","Feb 9, 2024 1:36 AM",FAR,no change (PCD 26-03B),,,,No Change,52.216-29,2021-11-01 00:00:00
52.216-30,,L,16.601,"Feb 9, 2024 1:36 AM","Feb 9, 2024 1:36 AM",FAR,no change (PCD 26-03B),,,,No Change,52.216-30,2021-11-01 00:00:00
52.216-31,,I,16.601,"Feb 9, 2024 1:36 AM","Feb 9, 2024 1:36 AM",FAR,no change (PCD 26-03B),,,,No Change,52.216-31,2021-11-01 00:00:00
52.216-32,,G,16.506,"May 7, 2025 6:00 PM","Mar 14, 2025 1:43 AM",FAR,no change (PCD 26-03B),,,,No Change,52.216-32,2019-09-01 00:00:00
52.216-32,,G,16.506,"May 7, 2025 6:00 PM","Mar 14, 2025 1:44 AM",FAR,no change (PCD 26-03B),,,,No Change,52.216-32,2019-09-01 00:00:00
52.217-2,,I,17.109,"Feb 9, 2024 1:36 AM","Feb 9, 2024 1:36 AM",FAR,no change (PCD 26-03B),,,,No Change,52.217-2,1997-10-01 00:00:00
52.217-3,,M,17.208,"Mar 14, 2025 1:44 AM","Mar 14, 2025 1:44 AM",FAR,no change (PCD 26-03B),,,,No Change,52.217-3,1984-04-01 00:00:00
52.217-4,,M,17.208,"Mar 14, 2025 1:44 AM","Mar 14, 2025 1:44 AM",FAR,updated (PCD 26-03B),,,,Updated,52.217-4,JAN 2026 (PCD 26-03)
52.217-5,,M,17.208,"Mar 14, 2025 1:44 AM","Mar 14, 2025 1:44 AM",FAR,updated (PCD 26-03B),,,,Updated,52.217-5,JAN 2026 (PCD 26-03)
52.217-6,,I,17.208,"Feb 9, 2024 1:37 AM","Feb 9, 2024 1:37 AM",FAR,no change (PCD 26-03B),,,,No Change,52.217-6,1989-03-01 00:00:00
52.217-7,,I,17.208,"Feb 9, 2024 1:37 AM","Feb 9, 2024 1:37 AM",FAR,no change (PCD 26-03B),,,,No Change,52.217-7,1989-03-01 00:00:00
52.217-8,,I,17.208,"Feb 9, 2024 1:37 AM","Feb 9, 2024 1:37 AM",FAR,no change (PCD 26-03B),,,,No Change,52.217-8,1999-11-01 00:00:00
52.217-9,,I,17.208,"Apr 20, 2026 3:32 PM","Feb 9, 2024 1:37 AM",FAR,no change (PCD 26-03B),,,,No Change,52.217-9,2000-03-01 00:00:00
52.219-1,,K,19.309,"May 7, 2025 6:01 PM","Mar 14, 2025 1:46 AM",FAR,updated (PCD 26-03B),,,,Updated,52.219-1,JAN 2026 (PCD 26-03)
52.219-1,,K,19.309,"May 7, 2025 6:03 PM","Mar 14, 2025 1:46 AM",FAR,updated (PCD 26-03B),,,,Updated,52.219-1,JAN 2026 (PCD 26-03)
52.219-2,,K,19.309,"Mar 14, 2025 1:46 AM","Mar 14, 2025 1:46 AM",FAR,updated (PCD 26-03B),,,,Updated,52.219-2,JAN 2026 (PCD 26-03)
52.219-3,,I,19.1309,"Oct 4, 2024 1:47 AM","Oct 4, 2024 1:47 AM",FAR,updated (PCD 26-03B),,,,Updated,52.219-3,JAN 2026 (PCD 26-03)
52.219-4,,I,19.1309,"Mar 14, 2025 1:47 AM","Mar 14, 2025 1:47 AM",FAR,updated (PCD 26-03B),,,,Updated,52.219-4,JAN 2026 (PCD 26-03)
52.219-6,,I,19.507,"May 7, 2025 6:04 PM","Sep 27, 2024 12:13 PM",FAR,updated (PCD 26-03B),,,,Updated,52.219-6,JAN 2026 (PCD 26-03)
52.219-6,,I,19.507,"May 7, 2025 6:04 PM","Sep 27, 2024 12:13 PM",FAR,updated (PCD 26-03B),,,,Updated,52.219-6,JAN 2026 (PCD 26-03)
52.219-7,,I,19.507,"May 7, 2025 6:05 PM","Mar 14, 2025 1:47 AM",FAR,no change (PCD 26-03B),,,,No Change,52.219-7,2020-11-01 00:00:00
52.219-7,,I,19.507,"May 7, 2025 6:05 PM","Mar 14, 2025 1:47 AM",FAR,no change (PCD 26-03B),,,,No Change,52.219-7,2020-11-01 00:00:00
52.219-8,,I,19.708,"Jan 17, 2025 1:47 AM","Jan 17, 2025 1:47 AM",FAR,updated (PCD 26-03B),,,,Updated,52.219-8,JAN 2026 (PCD 26-03)
52.219-9,,I,19.708,"May 7, 2025 6:07 PM","Mar 14, 2025 1:48 AM",FAR,updated (PCD 26-03B),,,,Updated,52.219-9,JAN 2026 (PCD 26-03)
52.219-9,,I,19.708,"May 7, 2025 6:08 PM","Mar 14, 2025 1:48 AM",FAR,updated (PCD 26-03B),,,,Updated,52.219-9,JAN 2026 (PCD 26-03)
52.219-9,,I,19.708,"May 7, 2025 6:09 PM","Mar 14, 2025 1:48 AM",FAR,updated (PCD 26-03B),,,,Updated,52.219-9,JAN 2026 (PCD 26-03)
52.219-9,,I,19.708,"May 7, 2025 6:10 PM","Mar 14, 2025 1:48 AM",FAR,updated (PCD 26-03B),,,,Updated,52.219-9,JAN 2026 (PCD 26-03)
52.219-9,,I,19.708,"May 7, 2025 6:12 PM","Mar 14, 2025 1:49 AM",FAR,updated (PCD 26-03B),,,,Updated,52.219-9,JAN 2026 (PCD 26-03)
52.219-10,,I,19.708,"Mar 14, 2025 1:49 AM","Mar 14, 2025 1:49 AM",FAR,updated (PCD 26-03B),,,,Updated,52.219-10,JAN 2026 (PCD 26-03)
52.219-11,,I,19.811-3,"Mar 14, 2025 1:49 AM","Mar 14, 2025 1:49 AM",FAR,no change (PCD 26-03B),,,,No Change,52.219-11,2017-01-01 00:00:00
52.219-12,,I,19.811-3,"Mar 14, 2025 1:49 AM","Mar 14, 2025 1:49 AM",FAR,no change (PCD 26-03B),,,,No Change,52.219-12,2019-10-01 00:00:00
52.219-13,,I,19.507,"May 7, 2025 6:12 PM","Sep 27, 2024 12:15 PM",FAR,no change (PCD 26-03B),,,,No Change,52.219-13,2020-03-01 00:00:00
52.219-14,,I,19.507,"Mar 14, 2025 1:50 AM","Mar 14, 2025 1:50 AM",FAR,updated (PCD 26-03B),,,,Updated,52.219-14,JAN 2026 (PCD 26-03)
52.219-16,,I,19.708,"Feb 9, 2024 1:41 AM","Feb 9, 2024 1:41 AM",FAR,updated (PCD 26-03B),,,,Updated,52.219-16,JAN 2026 (PCD 26-03)
52.219-17,,I,19.811-3,"Mar 14, 2025 1:50 AM","Mar 14, 2025 1:50 AM",FAR,no change (PCD 26-03B),,,,No Change,52.219-17,2019-10-01 00:00:00
52.219-18,,I,19.811-3,"May 7, 2025 6:13 PM","Mar 14, 2025 1:50 AM",FAR,no change (PCD 26-03B),,,,No Change,52.219-18,2022-10-01 00:00:00
52.219-18,,I,19.811-3,"May 7, 2025 6:14 PM","Mar 14, 2025 1:50 AM",FAR,no change (PCD 26-03B),,,,No Change,52.219-18,2022-10-01 00:00:00
52.219-27,,I,19.1408,"Sep 27, 2024 12:17 PM","Sep 27, 2024 12:17 PM",FAR,updated (PCD 26-03B),,,,Updated,52.219-27,JAN 2026 (PCD 26-03)
52.219-28,,I,19.309,"May 7, 2025 6:14 PM","Mar 14, 2025 1:51 AM",FAR,updated (PCD 26-03B),,,,Updated,52.219-28,JAN 2026 (PCD 26-03)
52.219-28,,I,19.309,"May 7, 2025 6:15 PM","Mar 14, 2025 1:51 AM",FAR,updated (PCD 26-03B),,,,Updated,52.219-28,JAN 2026 (PCD 26-03)
52.219-29,,I,19.1508,"Feb 9, 2024 1:42 AM","Feb 9, 2024 1:42 AM",FAR,updated (PCD 26-03B),,,,Updated,52.219-29,JAN 2026 (PCD 26-03)
52.219-30,,I,19.1508,"Feb 9, 2024 1:42 AM","Feb 9, 2024 1:42 AM",FAR,updated (PCD 26-03B),,,,Updated,52.219-30,JAN 2026 (PCD 26-03)
52.219-31,,L,19.507,"Sep 27, 2024 12:18 PM","Sep 27, 2024 12:18 PM",FAR,no change (PCD 26-03B),,,,No Change,52.219-31,2020-03-01 00:00:00
52.219-33,,I,19.507,"Sep 27, 2024 12:18 PM","Sep 27, 2024 12:18 PM",FAR,updated (PCD 26-03B),,,,Updated,52.219-33,JAN 2026 (PCD 26-03)
52.222-1,,I,22.103-5,"Feb 9, 2024 1:42 AM","Feb 9, 2024 1:42 AM",FAR,updated (PCD 26-03B),,,,Updated,52.222-1,JAN 2026 (PCD 26-03)
52.222-2,,I,22.103-5,"Mar 14, 2025 1:52 AM","Mar 14, 2025 1:52 AM",FAR,updated (PCD 26-03B),,,,Updated,52.222-2,JAN 2026 (PCD 26-03)
52.222-3,,I,22.202,"Sep 27, 2024 12:18 PM","Sep 27, 2024 12:18 PM",FAR,updated (PCD 26-03B),,,,Updated,52.222-3,JAN 2026 (PCD 26-03)
52.222-4,,I,22.305,"Sep 27, 2024 12:19 PM","Sep 27, 2024 12:19 PM",FAR,updated (PCD 26-03B),,,,Updated,52.222-4,JAN 2026 (PCD 26-03)
52.222-5,,L,22.407,"Feb 9, 2024 1:43 AM","Feb 9, 2024 1:43 AM",FAR,updated (PCD 26-03B),,,,Updated,52.222-5,JAN 2026 (PCD 26-03)
52.222-6,,I,22.407,"Feb 9, 2024 1:43 AM","Feb 9, 2024 1:43 AM",FAR,updated (PCD 26-03B),,,,Updated,52.222-6,JAN 2026 (PCD 26-03)
52.222-7,,I,22.407,"Feb 9, 2024 1:43 AM","Feb 9, 2024 1:43 AM",FAR,updated (PCD 26-03B),,,,Updated,52.222-7,JAN 2026 (PCD 26-03)
52.222-8,,I,22.407,"Sep 27, 2024 12:19 PM","Sep 27, 2024 12:19 PM",FAR,updated (PCD 26-03B),,,,Updated,52.222-8,JAN 2026 (PCD 26-03)
52.222-9,,I,22.407,"Feb 9, 2024 1:43 AM","Feb 9, 2024 1:43 AM",FAR,updated (PCD 26-03B),,,,Updated,52.222-9,JAN 2026 (PCD 26-03)
52.222-10,,I,22.407,"Feb 9, 2024 1:44 AM","Feb 9, 2024 1:44 AM",FAR,updated (PCD 26-03B),,,,Updated,52.222-10,JAN 2026 (PCD 26-03)
52.222-11,,I,22.407,"Feb 9, 2024 1:44 AM","Feb 9, 2024 1:44 AM",FAR,updated (PCD 26-03B),,,,Updated,52.222-11,JAN 2026 (PCD 26-03)
52.222-12,,I,22.407,"Feb 9, 2024 1:44 AM","Feb 9, 2024 1:44 AM",FAR,no change (PCD 26-03B),,,,No Change,52.222-12,2014-05-01 00:00:00
52.222-13,,I,22.407,"Feb 9, 2024 1:44 AM","Feb 9, 2024 1:44 AM",FAR,no change (PCD 26-03B),,,,No Change,52.222-13,2014-05-01 00:00:00
52.222-14,,I,22.407,"Feb 9, 2024 1:44 AM","Feb 9, 2024 1:44 AM",FAR,updated (PCD 26-03B),,,,Updated,52.222-14,JAN 2026 (PCD 26-03)
52.222-15,,I,22.407,"Sep 27, 2024 12:21 PM","Sep 27, 2024 12:21 PM",FAR,no change (PCD 26-03B),,,,No Change,52.222-15,2014-05-01 00:00:00
52.222-16,,I,22.407,"Feb 9, 2024 1:44 AM","Feb 9, 2024 1:44 AM",FAR,updated (PCD 26-03B),,,,Updated,52.222-16,JAN 2026 (PCD 26-03)
52.222-18,,K,22.1505,"Mar 14, 2025 1:55 AM","Mar 14, 2025 1:55 AM",FAR,no change (PCD 26-03B),,,,No Change,52.222-18,2021-02-01 00:00:00
52.222-19,,I,22.1505,"Jan 17, 2025 1:55 AM","Jan 17, 2025 1:55 AM",FAR,updated (PCD 26-03B),,,,Updated,52.222-19,"MAR 2026 (PCD 26-03, FAC 2026-01)"
52.222-20,,I,22.610,"Sep 27, 2024 12:21 PM","Sep 27, 2024 12:21 PM",FAR,updated (PCD 26-03B),,,,Updated,52.222-20,JAN 2026 (PCD 26-03)
52.222-30,,I,22.407,"Feb 9, 2024 1:46 AM","Feb 9, 2024 1:46 AM",FAR,no change (PCD 26-03B),,,,No Change,52.222-30,2018-08-01 00:00:00
52.222-31,,I,22.407,"Mar 14, 2025 1:57 AM","Mar 14, 2025 1:57 AM",FAR,no change (PCD 26-03B),,,,No Change,52.222-31,2018-08-01 00:00:00
52.222-32,,I,22.407,"Feb 9, 2024 1:47 AM","Feb 9, 2024 1:47 AM",FAR,updated (PCD 26-03B),,,,Updated,52.222-32,JAN 2026 (PCD 26-03)
52.222-33,,L,22.505,"May 7, 2025 4:58 PM","Sep 27, 2024 12:24 PM",FAR,updated (PCD 26-03B),,,,Updated,52.222-33,JAN 2026 (PCD 26-03)
52.222-33,,L,22.505,"May 7, 2025 4:58 PM","Sep 27, 2024 12:24 PM",FAR,updated (PCD 26-03B),,,,Updated,52.222-33,JAN 2026 (PCD 26-03)
52.222-33,,L,22.505,"May 7, 2025 4:59 PM","Sep 27, 2024 12:24 PM",FAR,updated (PCD 26-03B),,,,Updated,52.222-33,JAN 2026 (PCD 26-03)
52.222-34,,I,22.505,"May 7, 2025 5:01 PM","Sep 27, 2024 12:25 PM",FAR,updated (PCD 26-03B),,,,Updated,52.222-34,JAN 2026 (PCD 26-03)
52.222-34,,I,22.505,"May 7, 2025 5:01 PM","Sep 27, 2024 12:25 PM",FAR,updated (PCD 26-03B),,,,Updated,52.222-34,JAN 2026 (PCD 26-03)
52.222-35,,I,22.1310,"May 7, 2025 7:32 PM","Mar 14, 2025 1:59 AM",FAR,updated (PCD 26-03B),,,,Updated,52.222-35,JAN 2026 (PCD 26-03)
52.222-35,,I,22.1310,"May 7, 2025 7:33 PM","Mar 14, 2025 1:59 AM",FAR,updated (PCD 26-03B),,,,Updated,52.222-35,JAN 2026 (PCD 26-03)
52.222-36,,I,22.1408,"May 7, 2025 7:33 PM","Mar 14, 2025 1:59 AM",FAR,updated (PCD 26-03B),,,,Updated,52.222-36,JAN 2026 (PCD 26-03)
52.222-36,,I,22.1408,"May 7, 2025 7:33 PM","Mar 14, 2025 1:59 AM",FAR,updated (PCD 26-03B),,,,Updated,52.222-36,JAN 2026 (PCD 26-03)
52.222-37,,I,22.1310,"Sep 27, 2024 12:26 PM","Sep 27, 2024 12:26 PM",FAR,updated (PCD 26-03B),,,,Updated,52.222-37,JAN 2026 (PCD 26-03)
52.222-40,,I,22.1605,"Feb 9, 2024 1:48 AM","Feb 9, 2024 1:48 AM",FAR,updated (PCD 26-03B),,,,Updated,52.222-40,JAN 2026 (PCD 26-03)
52.222-41,,I,22.1006,"Feb 9, 2024 1:49 AM","Feb 9, 2024 1:49 AM",FAR,updated (PCD 26-03B),,,,Updated,52.222-41,JAN 2026 (PCD 26-03)
52.222-42,,I,22.1006,"Mar 14, 2025 2:00 AM","Mar 14, 2025 2:00 AM",FAR,no change (PCD 26-03B),,,,No Change,52.222-42,2014-05-01 00:00:00
52.222-43,,I,22.1006,"Feb 9, 2024 1:49 AM","Feb 9, 2024 1:49 AM",FAR,updated (PCD 26-03B),,,,Updated,52.222-43,JAN 2026 (PCD 26-03)
52.222-44,,I,22.1006,"Feb 9, 2024 1:49 AM","Feb 9, 2024 1:49 AM",FAR,updated (PCD 26-03B),,,,Updated,52.222-44,JAN 2026 (PCD 26-03)
52.222-48,,K,22.1006,"Mar 14, 2025 2:01 AM","Mar 14, 2025 2:01 AM",FAR,updated (PCD 26-03B),,,,Updated,52.222-48,JAN 2026 (PCD 26-03)
52.222-49,,I,22.1006,"Mar 14, 2025 2:01 AM","Mar 14, 2025 2:01 AM",FAR,updated (PCD 26-03B),,,,Updated,52.222-49,JAN 2026 (PCD 26-03)
52.222-50,,I,22.1705,"May 7, 2025 7:35 PM","Mar 14, 2025 2:01 AM",FAR,updated (PCD 26-03B),,,,Updated,52.222-50,JAN 2026 (PCD 26-03)
52.222-50,,I,22.1705,"May 7, 2025 7:35 PM","Mar 14, 2025 2:02 AM",FAR,updated (PCD 26-03B),,,,Updated,52.222-50,JAN 2026 (PCD 26-03)
52.222-51,,I,22.1006,"Feb 9, 2024 1:50 AM","Feb 9, 2024 1:50 AM",FAR,updated (PCD 26-03B),,,,Updated,52.222-51,JAN 2026 (PCD 26-03)
52.222-52,,K,22.1006,"Mar 14, 2025 2:02 AM","Mar 14, 2025 2:02 AM",FAR,updated (PCD 26-03B),,,,Updated,52.222-52,JAN 2026 (PCD 26-03)
52.222-53,,I,22.1006,"Feb 9, 2024 1:50 AM","Feb 9, 2024 1:50 AM",FAR,updated (PCD 26-03B),,,,Updated,52.222-53,JAN 2026 (PCD 26-03)
52.222-54,,I,22.1803,"Jan 17, 2025 2:02 AM","Jan 17, 2025 2:02 AM",FAR,updated (PCD 26-03B),,,,Updated,52.222-54,JAN 2026 (PCD 26-03)
52.222-55,,I,22.1906,"Sep 27, 2024 12:29 PM","Sep 27, 2024 12:29 PM",FAR,updated (PCD 26-03B),,,,Updated,52.222-55,JAN 2026 (PCD 26-03)
52.222-56,,L,22.1705,"Feb 9, 2024 1:51 AM","Feb 9, 2024 1:51 AM",FAR,updated (PCD 26-03B),,,,Updated,52.222-56,JAN 2026 (PCD 26-03)
52.222-62,,I,22.2110,"Sep 27, 2024 12:29 PM","Sep 27, 2024 12:29 PM",FAR,updated (PCD 26-03B),,,,Updated,52.222-62,JAN 2026 (PCD 26-03)
52.223-3,,I,23.304,"May 7, 2025 7:37 PM","Mar 14, 2025 2:03 AM",FAR,updated (PCD 26-03B),,,,Updated,52.223-3,JAN 2026 (PCD 26-03)
52.223-3,,I,23.304,"May 7, 2025 7:37 PM","Mar 14, 2025 2:04 AM",FAR,updated (PCD 26-03B),,,,Updated,52.223-3,JAN 2026 (PCD 26-03)
52.223-4,,K,23.109,"Nov 8, 2024 2:04 AM","Nov 8, 2024 2:04 AM",FAR,no change (PCD 26-03B),,,,No Change,52.223-4,2008-05-01 00:00:00
52.223-5,,I,23.406,"May 7, 2025 7:37 PM","Sep 27, 2024 12:30 PM",FAR,no change (PCD 26-03B),,,,No Change,52.223-5,2024-05-01 00:00:00
52.223-6,,I,23.505,"Feb 9, 2024 1:52 AM","Feb 9, 2024 1:52 AM",FAR,not in PCD 26-03B matrix (verify),,,,,,
52.223-7,,I,23.304,"Jan 12, 2026 11:48 AM","Mar 14, 2025 2:04 AM",FAR,updated (PCD 26-03B),,,,Updated,52.223-7,JAN 2026 (PCD 26-03)
52.223-9,,I,23.109,"May 7, 2025 7:40 PM","Mar 14, 2025 2:04 AM",FAR,no change (PCD 26-03B),,,,No Change,52.223-9,2008-05-01 00:00:00
52.223-9,,I,23.109,"May 7, 2025 7:40 PM","Mar 14, 2025 2:05 AM",FAR,no change (PCD 26-03B),,,,No Change,52.223-9,2008-05-01 00:00:00
52.223-11,,I,23.109,"Mar 14, 2025 2:05 AM","Mar 14, 2025 2:05 AM",FAR,updated (PCD 26-03B),,,,Updated,52.223-11,JAN 2026 (PCD 26-03)
52.223-12,,I,23.109,"Nov 8, 2024 2:06 AM","Nov 8, 2024 2:06 AM",FAR,updated (PCD 26-03B),,,,Updated,52.223-12,JAN 2026 (PCD 26-03)
52.223-13,,I,23.705,"Aug 8, 2025 9:16 AM","Aug 8, 2025 9:16 AM",FAR,not in PCD 26-03B matrix (verify),,,,,,
52.223-13,,I,23.705,"Aug 8, 2025 9:18 AM","Aug 8, 2025 9:18 AM",FAR,not in PCD 26-03B matrix (verify),,,,,,
52.223-14,,I,23.705,"Aug 8, 2025 9:19 AM","Aug 8, 2025 9:19 AM",FAR,not in PCD 26-03B matrix (verify),,,,,,
52.223-14,,I,23.705,"Aug 8, 2025 9:19 AM","Aug 8, 2025 9:19 AM",FAR,not in PCD 26-03B matrix (verify),,,,,,
52.223-15,,I,23.206,"Aug 8, 2025 9:19 AM","Aug 8, 2025 9:19 AM",FAR,not in PCD 26-03B matrix (verify),,,,,,
52.223-16,,I,23.705,"Aug 8, 2025 9:20 AM","Aug 8, 2025 9:20 AM",FAR,not in PCD 26-03B matrix (verify),,,,,,
52.223-16,,I,23.705,"Aug 8, 2025 9:20 AM","Aug 8, 2025 9:20 AM",FAR,not in PCD 26-03B matrix (verify),,,,,,
52.223-17,,I,23.406,"Aug 8, 2025 9:20 AM","Aug 8, 2025 9:20 AM",FAR,not in PCD 26-03B matrix (verify),,,,,,
52.224-1,,I,24.104,"Sep 27, 2024 12:33 PM","Sep 27, 2024 12:33 PM",FAR,no change (PCD 26-03B),,,,No Change,52.224-1,1984-04-01 00:00:00
52.224-2,,I,24.104,"Feb 9, 2024 1:55 AM","Feb 9, 2024 1:55 AM",FAR,no change (PCD 26-03B),,,,No Change,52.224-2,1984-04-01 00:00:00
52.224-3,,I,24.302,"May 7, 2025 7:45 PM","Sep 27, 2024 12:33 PM",FAR,no change (PCD 26-03B),,,,No Change,52.224-3,2017-01-01 00:00:00
52.224-3,,I,24.302,"May 7, 2025 7:46 PM","Sep 27, 2024 12:33 PM",FAR,no change (PCD 26-03B),,,,No Change,52.224-3,2017-01-01 00:00:00
52.225-1,,I,25.1101,"May 7, 2025 7:46 PM","Mar 14, 2025 2:07 AM",FAR,updated (PCD 26-03B),,,,Updated,52.225-1,JAN 2026 (PCD 26-03)
52.225-1,,I,25.1101,"May 7, 2025 7:47 PM","Mar 14, 2025 2:07 AM",FAR,updated (PCD 26-03B),,,,Updated,52.225-1,JAN 2026 (PCD 26-03)
52.225-2,,K,25.1101,"Mar 14, 2025 2:07 AM","Mar 14, 2025 2:07 AM",FAR,no change (PCD 26-03B),,,,No Change,52.225-2,2022-10-01 00:00:00
52.225-3,,I,25.1101,"May 7, 2025 7:50 PM","Mar 14, 2025 2:08 AM",FAR,updated (PCD 26-03B),,,,Updated,52.225-3,JAN 2026 (PCD 26-03)
52.225-3,,I,25.1101,"May 7, 2025 7:52 PM","Mar 14, 2025 2:08 AM",FAR,updated (PCD 26-03B),,,,Updated,52.225-3,JAN 2026 (PCD 26-03)
52.225-3,,I,25.1101,"May 7, 2025 7:53 PM","Mar 14, 2025 2:08 AM",FAR,updated (PCD 26-03B),,,,Updated,52.225-3,JAN 2026 (PCD 26-03)
52.225-3,,I,25.1101,"May 7, 2025 7:54 PM","Mar 14, 2025 2:08 AM",FAR,updated (PCD 26-03B),,,,Updated,52.225-3,JAN 2026 (PCD 26-03)
52.225-4,,K,25.1101,"May 7, 2025 7:56 PM","Mar 14, 2025 2:08 AM",FAR,updated (PCD 26-03B),,,,Updated,52.225-4,JAN 2026 (PCD 26-03)
52.225-4,,K,25.1101,"May 7, 2025 7:57 PM","Mar 14, 2025 2:08 AM",FAR,updated (PCD 26-03B),,,,Updated,52.225-4,JAN 2026 (PCD 26-03)
52.225-4,,K,25.1101,"May 7, 2025 7:58 PM","Mar 14, 2025 2:09 AM",FAR,updated (PCD 26-03B),,,,Updated,52.225-4,JAN 2026 (PCD 26-03)
52.225-5,,I,25.1101,"Sep 27, 2024 12:35 PM","Sep 27, 2024 12:35 PM",FAR,no change (PCD 26-03B),,,,No Change,52.225-5,2023-11-01 00:00:00
52.225-6,,K,25.1101,"Mar 14, 2025 2:09 AM","Mar 14, 2025 2:09 AM",FAR,no change (PCD 26-03B),,,,No Change,52.225-6,2021-02-01 00:00:00
52.225-7,,L,25.1101,"Sep 27, 2024 12:36 PM","Sep 27, 2024 12:36 PM",FAR,no change (PCD 26-03B),,,,No Change,52.225-7,2016-02-01 00:00:00
52.225-8,,I,25.1101,"Mar 14, 2025 2:09 AM","Mar 14, 2025 2:09 AM",FAR,no change (PCD 26-03B),,,,No Change,52.225-8,2025-10-01 00:00:00
52.225-9,,I,25.1102,"May 7, 2025 7:59 PM","Mar 14, 2025 2:10 AM",FAR,updated (PCD 26-03B),,,,Updated,52.225-9,JAN 2026 (PCD 26-03)
52.225-9,,I,25.1102,"May 7, 2025 8:01 PM","Mar 14, 2025 2:10 AM",FAR,updated (PCD 26-03B),,,,Updated,52.225-9,JAN 2026 (PCD 26-03)
52.225-10,,L,25.1102,"May 7, 2025 8:01 PM","Sep 27, 2024 12:36 PM",FAR,no change (PCD 26-03B),,,,No Change,52.225-10,2014-05-01 00:00:00
52.225-10,,L,25.1102,"May 7, 2025 8:02 PM","Sep 27, 2024 12:36 PM",FAR,no change (PCD 26-03B),,,,No Change,52.225-10,2014-05-01 00:00:00
52.225-11,,I,25.1102,"May 7, 2025 8:03 PM","Mar 14, 2025 2:10 AM",FAR,updated (PCD 26-03B),,,,Updated,52.225-11,JAN 2026 (PCD 26-03)
52.225-11,,I,25.1102,"May 7, 2025 8:04 PM","Mar 14, 2025 2:10 AM",FAR,updated (PCD 26-03B),,,,Updated,52.225-11,JAN 2026 (PCD 26-03)
52.225-11,,I,25.1102,"May 7, 2025 8:05 PM","Mar 14, 2025 2:11 AM",FAR,updated (PCD 26-03B),,,,Updated,52.225-11,JAN 2026 (PCD 26-03)
52.225-12,,L,25.1102,"May 7, 2025 8:06 PM","Sep 27, 2024 12:37 PM",FAR,no change (PCD 26-03B),,,,No Change,52.225-12,2014-05-01 00:00:00
52.225-12,,L,25.1102,"May 7, 2025 8:06 PM","Sep 27, 2024 12:37 PM",FAR,no change (PCD 26-03B),,,,No Change,52.225-12,2014-05-01 00:00:00
52.225-12,,L,25.1102,"May 7, 2025 8:07 PM","Sep 27, 2024 12:38 PM",FAR,no change (PCD 26-03B),,,,No Change,52.225-12,2014-05-01 00:00:00
52.225-14,,I,25.1103,"Feb 9, 2024 1:59 AM","Feb 9, 2024 1:59 AM",FAR,no change (PCD 26-03B),,,,No Change,52.225-14,2000-02-01 00:00:00
52.225-17,,L,25.1103,"Mar 14, 2025 2:12 AM","Mar 14, 2025 2:12 AM",FAR,no change (PCD 26-03B),,,,No Change,52.225-17,2000-02-01 00:00:00
52.225-18,,K,25.1101,"Mar 14, 2025 2:12 AM","Mar 14, 2025 2:12 AM",FAR,no change (PCD 26-03B),,,,No Change,52.225-18,2018-08-01 00:00:00
52.225-19,,I,25.301-4,"Mar 14, 2025 2:12 AM","Mar 14, 2025 2:12 AM",FAR,no change (PCD 26-03B),,,,No Change,52.225-19,2020-05-01 00:00:00
52.225-26,,I,25.302-6,"Feb 9, 2024 2:01 AM","Feb 9, 2024 2:01 AM",FAR,no change (PCD 26-03B),,,,No Change,52.225-26,2016-10-01 00:00:00
52.226-1,,I,26.104,"Sep 27, 2024 12:41 PM","Sep 27, 2024 12:41 PM",FAR,updated (PCD 26-03B),,,,Updated,52.226-1,JAN 2026 (PCD 26-03)
52.226-2,,K,26.304,"Mar 14, 2025 2:14 AM","Mar 14, 2025 2:14 AM",FAR,no change (PCD 26-03B),,,,No Change,52.226-2,2014-10-01 00:00:00
52.226-3,,K,26.206,"Mar 14, 2025 2:15 AM","Mar 14, 2025 2:15 AM",FAR,no change (PCD 26-03B),,,,No Change,52.226-3,2007-11-01 00:00:00
52.226-4,,I,26.206,"Mar 14, 2025 2:15 AM","Mar 14, 2025 2:15 AM",FAR,no change (PCD 26-03B),,,,No Change,52.226-4,2007-11-01 00:00:00
52.226-5,,I,26.206,"Feb 9, 2024 2:02 AM","Feb 9, 2024 2:02 AM",FAR,updated (PCD 26-03B),,,,Updated,52.226-5,JAN 2026 (PCD 26-03)
52.226-6,,I,26.404,"Sep 27, 2024 12:42 PM","Sep 27, 2024 12:42 PM",FAR,updated (PCD 26-03B),,,,Updated,52.226-6,JAN 2026 (PCD 26-03)
52.227-1,,I,27.201-2,"May 7, 2025 8:13 PM","Feb 9, 2024 2:02 AM",FAR,no change (PCD 26-03B),,,,No Change,52.227-1,2020-06-01 00:00:00
52.227-1,,I,27.201-2,"May 7, 2025 8:13 PM","Feb 9, 2024 2:02 AM",FAR,no change (PCD 26-03B),,,,No Change,52.227-1,2020-06-01 00:00:00
52.227-1,,I,27.201-2,"May 7, 2025 8:14 PM","Feb 9, 2024 2:02 AM",FAR,no change (PCD 26-03B),,,,No Change,52.227-1,2020-06-01 00:00:00
52.227-2,,I,27.201-2(b),"Jun 16, 2026 11:10 AM","Feb 9, 2024 2:02 AM",FAR,no change (PCD 26-03B),,,,No Change,52.227-2,2020-06-01 00:00:00
52.227-3,,I,27.201-2,"May 7, 2025 8:15 PM","Mar 14, 2025 2:16 AM",FAR,no change (PCD 26-03B),,,,No Change,52.227-3,1984-04-01 00:00:00
52.227-3,,I,27.201-2,"May 7, 2025 8:15 PM","Mar 14, 2025 2:17 AM",FAR,no change (PCD 26-03B),,,,No Change,52.227-3,1984-04-01 00:00:00
52.227-3,,I,27.201-2,"May 7, 2025 8:16 PM","Mar 14, 2025 2:17 AM",FAR,no change (PCD 26-03B),,,,No Change,52.227-3,1984-04-01 00:00:00
52.227-3,,I,27.201-2,"May 7, 2025 8:16 PM","Mar 14, 2025 2:17 AM",FAR,no change (PCD 26-03B),,,,No Change,52.227-3,1984-04-01 00:00:00
52.227-4,,I,27.201-2,"May 7, 2025 8:16 PM","Mar 14, 2025 2:17 AM",FAR,no change (PCD 26-03B),,,,No Change,52.227-4,2007-12-01 00:00:00
52.227-4,,I,27.201-2,"May 7, 2025 8:17 PM","Mar 14, 2025 2:17 AM",FAR,no change (PCD 26-03B),,,,No Change,52.227-4,2007-12-01 00:00:00
52.227-5,,I,27.201-2,"Mar 14, 2025 2:17 AM","Mar 14, 2025 2:17 AM",FAR,no change (PCD 26-03B),,,,No Change,52.227-5,1984-04-01 00:00:00
52.227-6,,K,27.202-5,"May 7, 2025 8:18 PM","Feb 9, 2024 2:03 AM",FAR,no change (PCD 26-03B),,,,No Change,52.227-6,1984-04-01 00:00:00
52.227-6,,K,27.202-5,"May 7, 2025 8:18 PM","Feb 9, 2024 2:04 AM",FAR,no change (PCD 26-03B),,,,No Change,52.227-6,1984-04-01 00:00:00
52.227-9,,I,27.202-5,"Feb 9, 2024 2:04 AM","Feb 9, 2024 2:04 AM",FAR,no change (PCD 26-03B),,,,No Change,52.227-9,1984-04-01 00:00:00
52.227-10,,I,27.203-2,"Sep 27, 2024 12:45 PM","Sep 27, 2024 12:45 PM",FAR,no change (PCD 26-03B),,,,No Change,52.227-10,2007-12-01 00:00:00
52.227-11,,I,27.303,"Jun 15, 2026 6:26 PM","Mar 14, 2025 2:18 AM",FAR,no change (PCD 26-03B),,,,No Change,52.227-11,2014-05-01 00:00:00
52.227-11,,I,27.303,"May 7, 2025 8:20 PM","Mar 14, 2025 2:19 AM",FAR,no change (PCD 26-03B),,,,No Change,52.227-11,2014-05-01 00:00:00
52.227-11,,I,27.303,"May 7, 2025 8:20 PM","Mar 14, 2025 2:19 AM",FAR,no change (PCD 26-03B),,,,No Change,52.227-11,2014-05-01 00:00:00
52.227-11,,I,27.303,"May 7, 2025 8:21 PM","Mar 14, 2025 2:19 AM",FAR,no change (PCD 26-03B),,,,No Change,52.227-11,2014-05-01 00:00:00
52.227-11,,I,27.303,"May 7, 2025 8:21 PM","Mar 14, 2025 2:19 AM",FAR,no change (PCD 26-03B),,,,No Change,52.227-11,2014-05-01 00:00:00
52.227-11,,I,27.303,"May 7, 2025 8:22 PM","Mar 14, 2025 2:19 AM",FAR,no change (PCD 26-03B),,,,No Change,52.227-11,2014-05-01 00:00:00
52.227-13,,I,27.303,"May 7, 2025 8:23 PM","Mar 14, 2025 2:19 AM",FAR,no change (PCD 26-03B),,,,No Change,52.227-13,2007-12-01 00:00:00
52.227-13,,I,27.303,"May 7, 2025 8:23 PM","Mar 14, 2025 2:20 AM",FAR,no change (PCD 26-03B),,,,No Change,52.227-13,2007-12-01 00:00:00
52.227-13,,I,27.303,"May 7, 2025 8:24 PM","Mar 14, 2025 2:20 AM",FAR,no change (PCD 26-03B),,,,No Change,52.227-13,2007-12-01 00:00:00
52.227-14,,I,27.409,"May 7, 2025 8:25 PM","Mar 14, 2025 2:20 AM",FAR,no change (PCD 26-03B),,,,No Change,52.227-14,2014-05-01 00:00:00
52.227-14,,I,27.409,"May 7, 2025 8:25 PM","Mar 14, 2025 2:20 AM",FAR,no change (PCD 26-03B),,,,No Change,52.227-14,2014-05-01 00:00:00
52.227-14,,I,27.409,"May 7, 2025 8:26 PM","Mar 14, 2025 2:20 AM",FAR,no change (PCD 26-03B),,,,No Change,52.227-14,2014-05-01 00:00:00
52.227-14,,I,27.409,"May 7, 2025 8:27 PM","Mar 14, 2025 2:21 AM",FAR,no change (PCD 26-03B),,,,No Change,52.227-14,2014-05-01 00:00:00
52.227-14,,I,27.409,"May 7, 2025 8:28 PM","Mar 14, 2025 2:21 AM",FAR,no change (PCD 26-03B),,,,No Change,52.227-14,2014-05-01 00:00:00
52.227-14,,I,27.409,"May 7, 2025 8:28 PM","Mar 14, 2025 2:21 AM",FAR,no change (PCD 26-03B),,,,No Change,52.227-14,2014-05-01 00:00:00
52.227-15,,K,27.409,"Mar 14, 2025 2:21 AM","Mar 14, 2025 2:21 AM",FAR,no change (PCD 26-03B),,,,No Change,52.227-15,2007-12-01 00:00:00
52.227-16,,I,27.409,"Sep 27, 2024 12:48 PM","Sep 27, 2024 12:48 PM",FAR,no change (PCD 26-03B),,,,No Change,52.227-16,1987-06-01 00:00:00
52.227-17,,I,27.409,"Sep 27, 2024 12:49 PM","Sep 27, 2024 12:49 PM",FAR,no change (PCD 26-03B),,,,No Change,52.227-17,2007-12-01 00:00:00
52.227-20,,I,27.409,"Mar 14, 2025 2:22 AM","Mar 14, 2025 2:22 AM",FAR,no change (PCD 26-03B),,,,No Change,52.227-20,2014-05-01 00:00:00
52.227-21,,I,27.409,"Mar 14, 2025 2:22 AM","Mar 14, 2025 2:22 AM",FAR,no change (PCD 26-03B),,,,No Change,52.227-21,2014-05-01 00:00:00
52.227-22,,I,27.409,"Sep 27, 2024 12:49 PM","Sep 27, 2024 12:49 PM",FAR,no change (PCD 26-03B),,,,No Change,52.227-22,1987-06-01 00:00:00
52.228-1,,L,28.101-2,"Mar 14, 2025 2:23 AM","Mar 14, 2025 2:23 AM",FAR,no change (PCD 26-03B),,,,No Change,52.228-1,1996-09-01 00:00:00
52.228-2,,I,28.106-4,"Sep 27, 2024 12:50 PM","Sep 27, 2024 12:50 PM",FAR,no change (PCD 26-03B),,,,No Change,52.228-2,1997-10-01 00:00:00
52.228-3,,I,28.309,"Sep 27, 2024 12:50 PM","Sep 27, 2024 12:50 PM",FAR,no change (PCD 26-03B),,,,No Change,52.228-3,2014-07-01 00:00:00
52.228-4,,I,28.309,"Sep 27, 2024 12:50 PM","Sep 27, 2024 12:50 PM",FAR,no change (PCD 26-03B),,,,No Change,52.228-4,1984-04-01 00:00:00
52.228-5,,I,28.310,"Feb 9, 2024 2:08 AM","Feb 9, 2024 2:08 AM",FAR,no change (PCD 26-03B),,,,No Change,52.228-5,1997-01-01 00:00:00
52.228-7,,I,28.311-1,"Feb 9, 2024 2:08 AM","Feb 9, 2024 2:08 AM",FAR,no change (PCD 26-03B),,,,No Change,52.228-7,1996-03-01 00:00:00
52.228-8,,I,28.312,"Sep 27, 2024 12:51 PM","Sep 27, 2024 12:51 PM",FAR,no change (PCD 26-03B),,,,No Change,52.228-8,1999-05-01 00:00:00
52.228-9,,I,28.313,"Mar 14, 2025 2:24 AM","Mar 14, 2025 2:24 AM",FAR,no change (PCD 26-03B),,,,No Change,52.228-9,1999-05-01 00:00:00
52.228-10,,I,28.313,"Feb 23, 2024 2:10 AM","Feb 23, 2024 2:10 AM",FAR,no change (PCD 26-03B),,,,No Change,52.228-10,1984-04-01 00:00:00
52.228-11,,I,28.203-4,"Feb 9, 2024 2:09 AM","Feb 9, 2024 2:09 AM",FAR,no change (PCD 26-03B),,,,No Change,52.228-11,2021-02-01 00:00:00
52.228-12,,I,28.106-4,"Sep 27, 2024 12:52 PM","Sep 27, 2024 12:52 PM",FAR,no change (PCD 26-03B),,,,No Change,52.228-12,2022-12-01 00:00:00
52.228-13,,I,28.102-3,"Mar 14, 2025 2:25 AM","Mar 14, 2025 2:25 AM",FAR,no change (PCD 26-03B),,,,No Change,52.228-13,2000-07-01 00:00:00
52.228-14,,I,28.204-4,"Sep 27, 2024 12:52 PM","Sep 27, 2024 12:52 PM",FAR,no change (PCD 26-03B),,,,No Change,52.228-14,2014-11-01 00:00:00
52.228-15,,I,28.102-3,"Mar 14, 2025 2:25 AM","Mar 14, 2025 2:25 AM",FAR,no change (PCD 26-03B),,,,No Change,52.228-15,2020-06-01 00:00:00
52.228-16,,I,28.103-4,"May 7, 2025 8:29 PM","Feb 9, 2024 2:10 AM",FAR,no change (PCD 26-03B),,,,No Change,52.228-16,2006-11-01 00:00:00
52.228-16,,I,28.103-4,"May 7, 2025 8:30 PM","Feb 9, 2024 2:10 AM",FAR,no change (PCD 26-03B),,,,No Change,52.228-16,2006-11-01 00:00:00
52.228-17,,L,28.203-4,"Feb 9, 2024 2:10 AM","Feb 9, 2024 2:10 AM",FAR,no change (PCD 26-03B),,,,No Change,52.228-17,2021-02-01 00:00:00
52.229-1,,I,29.401-1,"Feb 9, 2024 2:10 AM","Feb 9, 2024 2:10 AM",FAR,no change (PCD 26-03B),,,,No Change,52.229-1,1984-04-01 00:00:00
52.229-2,,I,29.401-2,"May 7, 2025 8:31 PM","Feb 9, 2024 2:10 AM",FAR,updated (PCD 26-03B),,,,Updated,52.229-2,JAN 2026 (PCD 26-03)
52.229-2,,I,29.401-2,"May 7, 2025 8:31 PM","Feb 9, 2024 2:10 AM",FAR,updated (PCD 26-03B),,,,Updated,52.229-2,JAN 2026 (PCD 26-03)
52.229-3,,I,29.401-3,"Sep 27, 2024 12:54 PM","Sep 27, 2024 12:54 PM",FAR,updated (PCD 26-03B),,,,Updated,52.229-3,JAN 2026 (PCD 26-03)
52.229-4,,I,29.401-3,"Sep 27, 2024 12:54 PM","Sep 27, 2024 12:54 PM",FAR,updated (PCD 26-03B),,,,Updated,52.229-4,JAN 2026 (PCD 26-03)
52.229-6,,I,29.402-1,"Sep 27, 2024 12:54 PM","Sep 27, 2024 12:54 PM",FAR,updated (PCD 26-03B),,,,Updated,52.229-6,JAN 2026 (PCD 26-03)
52.229-7,,I,29.402-1,"Mar 14, 2025 2:27 AM","Mar 14, 2025 2:27 AM",FAR,updated (PCD 26-03B),,,,Updated,52.229-7,JAN 2026 (PCD 26-03)
52.229-8,,I,29.402-2,"Mar 14, 2025 2:27 AM","Mar 14, 2025 2:27 AM",FAR,updated (PCD 26-03B),,,,Updated,52.229-8,JAN 2026 (PCD 26-03)
52.229-9,,I,29.402-2,"Mar 14, 2025 2:27 AM","Mar 14, 2025 2:27 AM",FAR,updated (PCD 26-03B),,,,Updated,52.229-9,JAN 2026 (PCD 26-03)
52.229-10,,I,29.401-4,"Mar 14, 2025 2:27 AM","Mar 14, 2025 2:27 AM",FAR,updated (PCD 26-03B),,,,Updated,52.229-10,JAN 2026 (PCD 26-03)
52.229-11,,I,29.402-3,"Mar 14, 2025 2:28 AM","Mar 14, 2025 2:28 AM",FAR,updated (PCD 26-03B),,,,Updated,52.229-11,JAN 2026 (PCD 26-03)
52.229-12,,I,29.402-3,"Sep 27, 2024 12:55 PM","Sep 27, 2024 12:55 PM",FAR,updated (PCD 26-03B),,,,Updated,52.229-12,JAN 2026 (PCD 26-03)
52.230-1,,K,30.201-3,"May 7, 2025 8:32 PM","Mar 14, 2025 2:28 AM",FAR,updated (PCD 26-03B),,,,Updated,52.230-1,JAN 2026 (PCD 26-03)
52.230-2,,I,30.201-4,"Sep 27, 2024 12:56 PM","Sep 27, 2024 12:56 PM",FAR,updated (PCD 26-03B),,,,Updated,52.230-2,JAN 2026 (PCD 26-03)
52.230-3,,I,30.201-4,"Sep 27, 2024 12:56 PM","Sep 27, 2024 12:56 PM",FAR,updated (PCD 26-03B),,,,Updated,52.230-3,JAN 2026 (PCD 26-03)
52.230-4,,I,30.201-4,"Sep 27, 2024 12:56 PM","Sep 27, 2024 12:56 PM",FAR,updated (PCD 26-03B),,,,Updated,52.230-4,JAN 2026 (PCD 26-03)
52.230-5,,I,30.201-4,"Sep 27, 2024 12:57 PM","Sep 27, 2024 12:57 PM",FAR,updated (PCD 26-03B),,,,Updated,52.230-5,JAN 2026 (PCD 26-03)
52.230-6,,I,30.201-4,"Feb 9, 2024 2:13 AM","Feb 9, 2024 2:13 AM",FAR,updated (PCD 26-03B),,,,Updated,52.230-6,JAN 2026 (PCD 26-03)
52.230-7,,K,30.201-3,"Mar 14, 2025 2:30 AM","Mar 14, 2025 2:30 AM",FAR,no change (PCD 26-03B),,,,No Change,52.230-7,2005-04-01 00:00:00
52.232-1,,I,32.111,"Mar 14, 2025 2:30 AM","Mar 14, 2025 2:30 AM",FAR,no change (PCD 26-03B),,,,No Change,52.232-1,1984-04-01 00:00:00
52.232-2,,I,32.111,"Mar 14, 2025 2:30 AM","Mar 14, 2025 2:30 AM",FAR,no change (PCD 26-03B),,,,No Change,52.232-2,1984-04-01 00:00:00
52.232-3,,I,32.111,"Mar 14, 2025 2:30 AM","Mar 14, 2025 2:30 AM",FAR,updated (PCD 26-03B),,,,Updated,52.232-3,JAN 2026 (PCD 26-03)
52.232-4,,I,32.111,"Mar 14, 2025 2:30 AM","Mar 14, 2025 2:30 AM",FAR,no change (PCD 26-03B),,,,No Change,52.232-4,1984-04-01 00:00:00
52.232-5,,I,32.111,"Sep 27, 2024 12:58 PM","Sep 27, 2024 12:58 PM",FAR,no change (PCD 26-03B),,,,No Change,52.232-5,2014-05-01 00:00:00
52.232-6,,I,32.111,"Mar 14, 2025 2:31 AM","Mar 14, 2025 2:31 AM",FAR,no change (PCD 26-03B),,,,No Change,52.232-6,1984-04-01 00:00:00
52.232-7,,I,32.111,"Mar 14, 2025 2:31 AM","Mar 14, 2025 2:31 AM",FAR,no change (PCD 26-03B),,,,No Change,52.232-7,2021-11-01 00:00:00
52.232-8,,I,32.111,"Feb 9, 2024 2:14 AM","Feb 9, 2024 2:14 AM",FAR,no change (PCD 26-03B),,,,No Change,52.232-8,2002-02-01 00:00:00
52.232-9,,I,32.111,"Mar 14, 2025 2:31 AM","Mar 14, 2025 2:31 AM",FAR,no change (PCD 26-03B),,,,No Change,52.232-9,1984-04-01 00:00:00
52.232-10,,I,32.111,"Feb 9, 2024 2:14 AM","Feb 9, 2024 2:14 AM",FAR,no change (PCD 26-03B),,,,No Change,52.232-10,2010-04-01 00:00:00
52.232-11,,I,32.111,"Mar 14, 2025 2:32 AM","Mar 14, 2025 2:32 AM",FAR,no change (PCD 26-03B),,,,No Change,52.232-11,1984-04-01 00:00:00
52.232-12,,I,32.412,"May 7, 2025 8:33 PM","Mar 14, 2025 2:32 AM",FAR,updated (PCD 26-03B),,,,Updated,52.232-12,JAN 2026 (PCD 26-03)
52.232-12,,I,32.412,"May 7, 2025 8:34 PM","Mar 14, 2025 2:32 AM",FAR,updated (PCD 26-03B),,,,Updated,52.232-12,JAN 2026 (PCD 26-03)
52.232-12,,I,32.412,"May 7, 2025 8:35 PM","Mar 14, 2025 2:32 AM",FAR,updated (PCD 26-03B),,,,Updated,52.232-12,JAN 2026 (PCD 26-03)
52.232-12,,I,32.412,"May 7, 2025 8:36 PM","Mar 14, 2025 2:33 AM",FAR,updated (PCD 26-03B),,,,Updated,52.232-12,JAN 2026 (PCD 26-03)
52.232-12,,I,32.412,"May 7, 2025 8:37 PM","Mar 14, 2025 2:33 AM",FAR,updated (PCD 26-03B),,,,Updated,52.232-12,JAN 2026 (PCD 26-03)
52.232-12,,I,32.412,"May 7, 2025 8:37 PM","Mar 14, 2025 2:33 AM",FAR,updated (PCD 26-03B),,,,Updated,52.232-12,JAN 2026 (PCD 26-03)
52.232-13,,L,32.502-3,"Feb 9, 2024 2:16 AM","Feb 9, 2024 2:16 AM",FAR,no change (PCD 26-03B),,,,No Change,52.232-13,1984-04-01 00:00:00
52.232-14,,L,32.502-3,"Feb 9, 2024 2:16 AM","Feb 9, 2024 2:16 AM",FAR,no change (PCD 26-03B),,,,No Change,52.232-14,1984-04-01 00:00:00
52.232-15,,M,32.502-3,"Feb 9, 2024 2:16 AM","Feb 9, 2024 2:16 AM",FAR,no change (PCD 26-03B),,,,No Change,52.232-15,1984-04-01 00:00:00
52.232-16,,I,32.502-4,"May 7, 2025 8:38 PM","Mar 14, 2025 2:34 AM",FAR,updated (PCD 26-03B),,,,Updated,52.232-16,JAN 2026 (PCD 26-03)
52.232-16,,I,32.502-4,"May 7, 2025 8:39 PM","Mar 14, 2025 2:34 AM",FAR,updated (PCD 26-03B),,,,Updated,52.232-16,JAN 2026 (PCD 26-03)
52.232-16,,I,32.502-4,"May 7, 2025 8:40 PM","Mar 14, 2025 2:34 AM",FAR,updated (PCD 26-03B),,,,Updated,52.232-16,JAN 2026 (PCD 26-03)
52.232-16,,I,32.502-4,"May 7, 2025 8:41 PM","Mar 14, 2025 2:34 AM",FAR,updated (PCD 26-03B),,,,Updated,52.232-16,JAN 2026 (PCD 26-03)
52.232-17,,I,32.611,"Sep 27, 2024 1:02 PM","Sep 27, 2024 1:02 PM",FAR,no change (PCD 26-03B),,,,No Change,52.232-17,2014-05-01 00:00:00
52.232-18,,I,32.706-1,"Feb 9, 2024 2:17 AM","Feb 9, 2024 2:17 AM",FAR,no change (PCD 26-03B),,,,No Change,52.232-18,1984-04-01 00:00:00
52.232-19,,I,32.706-1,"Mar 14, 2025 2:35 AM","Mar 14, 2025 2:35 AM",FAR,no change (PCD 26-03B),,,,No Change,52.232-19,1984-04-01 00:00:00
52.232-20,,I,32.706-2,"Mar 14, 2025 2:35 AM","Mar 14, 2025 2:35 AM",FAR,updated (PCD 26-03B),,,,Updated,52.232-20,JAN 2026 (PCD 26-03)
52.232-22,,I,32.706-2,"Mar 14, 2025 2:35 AM","Mar 14, 2025 2:35 AM",FAR,updated (PCD 26-03B),,,,Updated,52.232-22,JAN 2026 (PCD 26-03)
52.232-23,,I,32.806,"May 7, 2025 8:42 PM","Sep 27, 2024 1:03 PM",FAR,no change (PCD 26-03B),,,,No Change,52.232-23,2014-05-01 00:00:00
52.232-23,,I,32.806,"May 7, 2025 8:42 PM","Sep 27, 2024 1:03 PM",FAR,no change (PCD 26-03B),,,,No Change,52.232-23,2014-05-01 00:00:00
52.232-24,,I,32.806,"Sep 27, 2024 1:04 PM","Sep 27, 2024 1:04 PM",FAR,no change (PCD 26-03B),,,,No Change,52.232-24,2014-05-01 00:00:00
52.232-25,,I,32.908,"May 7, 2025 8:43 PM","Sep 27, 2024 1:04 PM",FAR,no change (PCD 26-03B),,,,No Change,52.232-25,2017-01-01 00:00:00
52.232-25,,I,32.908,"May 7, 2025 8:43 PM","Sep 27, 2024 1:04 PM",FAR,no change (PCD 26-03B),,,,No Change,52.232-25,2017-01-01 00:00:00
52.232-26,,I,32.908,"Feb 9, 2024 2:18 AM","Feb 9, 2024 2:18 AM",FAR,no change (PCD 26-03B),,,,No Change,52.232-26,2017-01-01 00:00:00
52.232-27,,I,32.908,"Sep 27, 2024 1:04 PM","Sep 27, 2024 1:04 PM",FAR,no change (PCD 26-03B),,,,No Change,52.232-27,2017-01-01 00:00:00
52.232-28,,L,32.1005,"May 7, 2025 8:44 PM","Feb 9, 2024 2:19 AM",FAR,no change (PCD 26-03B),,,,No Change,52.232-28,2000-03-01 00:00:00
52.232-28,,L,32.1005,"May 7, 2025 8:44 PM","Feb 9, 2024 2:19 AM",FAR,no change (PCD 26-03B),,,,No Change,52.232-28,2000-03-01 00:00:00
52.232-29,,I,32.206,"Feb 9, 2024 2:19 AM","Feb 9, 2024 2:19 AM",FAR,no change (PCD 26-03B),,,,No Change,52.232-29,2021-11-01 00:00:00
52.232-30,,I,32.206,"Feb 9, 2024 2:19 AM","Feb 9, 2024 2:19 AM",FAR,no change (PCD 26-03B),,,,No Change,52.232-30,2021-11-01 00:00:00
52.232-31,,L,32.205,"Sep 27, 2024 1:05 PM","Sep 27, 2024 1:05 PM",FAR,no change (PCD 26-03B),,,,No Change,52.232-31,2022-12-01 00:00:00
52.232-32,,I,32.1005,"Mar 14, 2025 2:38 AM","Mar 14, 2025 2:38 AM",FAR,no change (PCD 26-03B),,,,No Change,52.232-32,2012-04-01 00:00:00
52.232-33,,I,32.1110,"Feb 9, 2024 2:20 AM","Feb 9, 2024 2:20 AM",FAR,no change (PCD 26-03B),,,,No Change,52.232-33,2018-10-01 00:00:00
52.232-34,,I,32.1110,"Mar 14, 2025 2:38 AM","Mar 14, 2025 2:38 AM",FAR,no change (PCD 26-03B),,,,No Change,52.232-34,2013-07-01 00:00:00
52.232-35,,I,32.1110,"Mar 14, 2025 2:38 AM","Mar 14, 2025 2:38 AM",FAR,no change (PCD 26-03B),,,,No Change,52.232-35,2013-07-01 00:00:00
52.232-36,,I,32.1110,"Sep 27, 2024 1:06 PM","Sep 27, 2024 1:06 PM",FAR,updated (PCD 26-03B),,,,Updated,52.232-36,JAN 2026 (PCD 26-03)
52.232-37,,I,32.1110,"Feb 9, 2024 2:20 AM","Feb 9, 2024 2:20 AM",FAR,no change (PCD 26-03B),,,,No Change,52.232-37,1999-05-01 00:00:00
52.232-38,,L,32.1110,"Feb 9, 2024 2:20 AM","Feb 9, 2024 2:20 AM",FAR,no change (PCD 26-03B),,,,No Change,52.232-38,2013-07-01 00:00:00
52.232-39,,I,32.706-3,"Sep 27, 2024 1:07 PM","Sep 27, 2024 1:07 PM",FAR,no change (PCD 26-03B),,,,No Change,52.232-39,2013-06-01 00:00:00
52.232-40,,I,32.009-2,"Sep 27, 2024 1:07 PM","Sep 27, 2024 1:07 PM",FAR,no change (PCD 26-03B),,,,No Change,52.232-40,2023-03-01 00:00:00
52.233-1,,I,33.215,"May 7, 2025 8:45 PM","Sep 27, 2024 1:07 PM",FAR,updated (PCD 26-03B),,,,Updated,52.233-1,JAN 2026 (PCD 26-03)
52.233-1,,I,33.215,"May 7, 2025 8:46 PM","Sep 27, 2024 1:07 PM",FAR,updated (PCD 26-03B),,,,Updated,52.233-1,JAN 2026 (PCD 26-03)
52.233-2,,L,33.106,"Mar 14, 2025 2:40 AM","Mar 14, 2025 2:40 AM",FAR,updated (PCD 26-03B),,,,Updated,52.233-2,JAN 2026 (PCD 26-03)
52.233-3,,I,33.106,"May 7, 2025 8:46 PM","Feb 9, 2024 2:21 AM",FAR,updated (PCD 26-03B),,,,Updated,52.233-3,JAN 2026 (PCD 26-03)
52.233-3,,I,33.106,"May 7, 2025 8:47 PM","Feb 9, 2024 2:21 AM",FAR,updated (PCD 26-03B),,,,Updated,52.233-3,JAN 2026 (PCD 26-03)
52.233-4,,I,33.215,"Feb 9, 2024 2:21 AM","Feb 9, 2024 2:21 AM",FAR,updated (PCD 26-03B),,,,Updated,52.233-4,JAN 2026 (PCD 26-03)
52.234-1,,I,34.104,"Sep 27, 2024 1:08 PM","Sep 27, 2024 1:08 PM",FAR,updated (PCD 26-03B),,,,Updated,52.234-1,JAN 2026 (PCD 26-03)
52.234-4,,H,34.203,"Mar 14, 2025 2:41 AM","Mar 14, 2025 2:41 AM",FAR,updated (PCD 26-03B),,,,Updated,52.234-4,JAN 2026 (PCD 26-03)
52.236-2,,I,36.502,"Feb 9, 2024 2:22 AM","Feb 9, 2024 2:22 AM",FAR,updated (PCD 26-03B),,,,Updated,52.236-2,JAN 2026 (PCD 26-03)
52.236-3,,I,36.503,"Feb 9, 2024 2:22 AM","Feb 9, 2024 2:22 AM",FAR,updated (PCD 26-03B),,,,Updated,52.236-3,JAN 2026 (PCD 26-03)
52.236-5,,I,36.505,"Feb 9, 2024 2:23 AM","Feb 9, 2024 2:23 AM",FAR,updated (PCD 26-03B),,,,Updated,52.236-5,JAN 2026 (PCD 26-03)
52.236-6,,I,36.506,"Feb 9, 2024 2:23 AM","Feb 9, 2024 2:23 AM",FAR,updated (PCD 26-03B),,,,Updated,52.236-6,JAN 2026 (PCD 26-03)
52.236-7,,I,36.507,"Feb 9, 2024 2:23 AM","Feb 9, 2024 2:23 AM",FAR,updated (PCD 26-03B),,,,Updated,52.236-7,JAN 2026 (PCD 26-03)
52.236-8,,I,36.508,"Feb 9, 2024 2:23 AM","Feb 9, 2024 2:23 AM",FAR,updated (PCD 26-03B),,,,Updated,52.236-8,JAN 2026 (PCD 26-03)
52.236-9,,I,36.509,"Feb 9, 2024 2:23 AM","Feb 9, 2024 2:23 AM",FAR,updated (PCD 26-03B),,,,Updated,52.236-9,JAN 2026 (PCD 26-03)
52.236-10,,I,36.510,"Feb 9, 2024 2:23 AM","Feb 9, 2024 2:23 AM",FAR,updated (PCD 26-03B),,,,Updated,52.236-10,JAN 2026 (PCD 26-03)
52.236-11,,I,36.511,"Feb 9, 2024 2:24 AM","Feb 9, 2024 2:24 AM",FAR,updated (PCD 26-03B),,,,Updated,52.236-11,JAN 2026 (PCD 26-03)
52.236-12,,I,36.512,"Feb 9, 2024 2:24 AM","Feb 9, 2024 2:24 AM",FAR,updated (PCD 26-03B),,,,Updated,52.236-12,JAN 2026 (PCD 26-03)
52.236-13,,I,36.513,"May 7, 2025 8:48 PM","Feb 9, 2024 2:24 AM",FAR,updated (PCD 26-03B),,,,Updated,52.236-13,JAN 2026 (PCD 26-03)
52.236-13,,I,36.513,"May 7, 2025 8:48 PM","Feb 9, 2024 2:24 AM",FAR,updated (PCD 26-03B),,,,Updated,52.236-13,JAN 2026 (PCD 26-03)
52.236-14,,I,36.514,"Feb 9, 2024 2:24 AM","Feb 9, 2024 2:24 AM",FAR,updated (PCD 26-03B),,,,Updated,52.236-14,JAN 2026 (PCD 26-03)
52.236-15,,F,36.515,"Feb 9, 2024 2:24 AM","Feb 9, 2024 2:24 AM",FAR,updated (PCD 26-03B),,,,Updated,52.236-15,JAN 2026 (PCD 26-03)
52.236-16,,I,36.516,"May 7, 2025 8:49 PM","Feb 9, 2024 2:24 AM",FAR,updated (PCD 26-03B),,,,Updated,52.236-16,JAN 2026 (PCD 26-03)
52.236-16,,I,36.516,"May 7, 2025 8:49 PM","Feb 9, 2024 2:25 AM",FAR,updated (PCD 26-03B),,,,Updated,52.236-16,JAN 2026 (PCD 26-03)
52.236-17,,I,36.517,"Feb 9, 2024 2:25 AM","Feb 9, 2024 2:25 AM",FAR,updated (PCD 26-03B),,,,Updated,52.236-17,JAN 2026 (PCD 26-03)
52.236-18,,I,36.518,"Feb 9, 2024 2:25 AM","Feb 9, 2024 2:25 AM",FAR,no change (PCD 26-03B),,,,No Change,52.236-18,1984-04-01 00:00:00
52.236-21,,I,36.521,"May 7, 2025 8:50 PM","Mar 14, 2025 2:45 AM",FAR,updated (PCD 26-03B),,,,Updated,52.236-21,JAN 2026 (PCD 26-03)
52.236-21,,I,36.521,"May 7, 2025 8:51 PM","Mar 14, 2025 2:45 AM",FAR,updated (PCD 26-03B),,,,Updated,52.236-21,JAN 2026 (PCD 26-03)
52.236-21,,I,36.521,"May 7, 2025 8:51 PM","Mar 14, 2025 2:45 AM",FAR,updated (PCD 26-03B),,,,Updated,52.236-21,JAN 2026 (PCD 26-03)
52.236-22,,I,36.609-1,"Mar 14, 2025 2:45 AM","Mar 14, 2025 2:45 AM",FAR,updated (PCD 26-03B),,,,Updated,52.236-22,JAN 2026 (PCD 26-03)
52.236-23,,I,36.609-2,"Feb 9, 2024 2:26 AM","Feb 9, 2024 2:26 AM",FAR,updated (PCD 26-03B),,,,Updated,52.236-23,JAN 2026 (PCD 26-03)
52.236-24,,I,36.609-3,"Feb 9, 2024 2:26 AM","Feb 9, 2024 2:26 AM",FAR,no change (PCD 26-03B),,,,No Change,52.236-24,1984-04-01 00:00:00
52.236-25,,I,36.609-4,"Feb 9, 2024 2:26 AM","Feb 9, 2024 2:26 AM",FAR,no change (PCD 26-03B),,,,No Change,52.236-25,2003-06-01 00:00:00
52.237-1,,L,37.110,"Sep 27, 2024 1:15 PM","Sep 27, 2024 1:15 PM",FAR,no change (PCD 26-03B),,,,No Change,52.237-1,1984-04-01 00:00:00
52.237-2,,I,37.110,"Sep 27, 2024 1:15 PM","Sep 27, 2024 1:15 PM",FAR,no change (PCD 26-03B),,,,No Change,52.237-2,1984-04-01 00:00:00
52.237-3,,I,37.110,"Sep 27, 2024 1:15 PM","Sep 27, 2024 1:15 PM",FAR,no change (PCD 26-03B),,,,No Change,52.237-3,1991-01-01 00:00:00
52.237-4,,I,37.304,"May 7, 2025 8:53 PM","Mar 14, 2025 2:47 AM",FAR,no change (PCD 26-03B),,,,No Change,52.237-4,1984-04-01 00:00:00
52.237-4,,I,37.304,"May 7, 2025 8:53 PM","Mar 14, 2025 2:47 AM",FAR,no change (PCD 26-03B),,,,No Change,52.237-4,1984-04-01 00:00:00
52.237-5,,I,37.304,"Mar 14, 2025 2:48 AM","Mar 14, 2025 2:48 AM",FAR,no change (PCD 26-03B),,,,No Change,52.237-5,1984-04-01 00:00:00
52.237-6,,I,37.304,"Mar 14, 2025 2:48 AM","Mar 14, 2025 2:48 AM",FAR,no change (PCD 26-03B),,,,No Change,52.237-6,1984-04-01 00:00:00
52.237-7,,I,37.403,"Mar 14, 2025 2:48 AM","Mar 14, 2025 2:48 AM",FAR,updated (PCD 26-03B),,,,Updated,52.237-7,JAN 2026 (PCD 26-03)
52.237-8,,K,37.113-2,"Feb 9, 2024 2:28 AM","Feb 9, 2024 2:28 AM",FAR,updated (PCD 26-03B),,,,Updated,52.237-8,JAN 2026 (PCD 26-03)
52.237-9,,I,37.113-2,"Sep 27, 2024 1:17 PM","Sep 27, 2024 1:17 PM",FAR,updated (PCD 26-03B),,,,Updated,52.237-9,JAN 2026 (PCD 26-03)
52.237-10,,L,37.115-3,"Feb 9, 2024 2:28 AM","Feb 9, 2024 2:28 AM",FAR,no change (PCD 26-03B),,,,No Change,52.237-10,2015-03-01 00:00:00
52.241-1,,K,41.501,"Mar 14, 2025 2:49 AM","Mar 14, 2025 2:49 AM",FAR,no change (PCD 26-03B),,,,No Change,52.241-1,1999-05-01 00:00:00
52.241-2,,I,41.501,"Mar 14, 2025 2:49 AM","Mar 14, 2025 2:49 AM",FAR,no change (PCD 26-03B),,,,No Change,52.241-2,1995-02-01 00:00:00
52.241-3,,I,41.501,"Mar 14, 2025 2:50 AM","Mar 14, 2025 2:50 AM",FAR,no change (PCD 26-03B),,,,No Change,52.241-3,1995-02-01 00:00:00
52.241-4,,I,41.501,"Mar 14, 2025 2:50 AM","Mar 14, 2025 2:50 AM",FAR,no change (PCD 26-03B),,,,No Change,52.241-4,1995-02-01 00:00:00
52.241-5,,I,41.501,"Mar 14, 2025 2:50 AM","Mar 14, 2025 2:50 AM",FAR,no change (PCD 26-03B),,,,No Change,52.241-5,1995-02-01 00:00:00
52.241-6,,I,41.501,"Sep 27, 2024 1:18 PM","Sep 27, 2024 1:18 PM",FAR,no change (PCD 26-03B),,,,No Change,52.241-6,1995-02-01 00:00:00
52.241-7,,I,41.501,"Feb 23, 2024 2:30 AM","Feb 23, 2024 2:30 AM",FAR,no change (PCD 26-03B),,,,No Change,52.241-7,1995-02-01 00:00:00
52.241-8,,I,41.501,"Sep 27, 2024 1:19 PM","Sep 27, 2024 1:19 PM",FAR,no change (PCD 26-03B),,,,No Change,52.241-8,1995-02-01 00:00:00
52.241-9,,I,41.501,"May 7, 2025 9:18 PM","Feb 9, 2024 2:29 AM",FAR,no change (PCD 26-03B),,,,No Change,52.241-9,1995-02-01 00:00:00
52.241-9,,I,41.501,"May 7, 2025 9:19 PM","Feb 9, 2024 2:30 AM",FAR,no change (PCD 26-03B),,,,No Change,52.241-9,1995-02-01 00:00:00
52.241-10,,I,41.501,"Feb 23, 2024 2:31 AM","Feb 23, 2024 2:31 AM",FAR,no change (PCD 26-03B),,,,No Change,52.241-10,1995-02-01 00:00:00
52.241-11,,I,41.501,"Mar 14, 2025 2:51 AM","Mar 14, 2025 2:51 AM",FAR,no change (PCD 26-03B),,,,No Change,52.241-11,1995-02-01 00:00:00
52.241-12,,I,41.501,"Feb 23, 2024 2:31 AM","Feb 23, 2024 2:31 AM",FAR,no change (PCD 26-03B),,,,No Change,52.241-12,1995-02-01 00:00:00
52.241-13,,I,41.501,"Sep 27, 2024 1:20 PM","Sep 27, 2024 1:20 PM",FAR,no change (PCD 26-03B),,,,No Change,52.241-13,1995-02-01 00:00:00
52.242-1,,I,42.802,"Feb 9, 2024 2:30 AM","Feb 9, 2024 2:30 AM",FAR,no change (PCD 26-03B),,,,No Change,52.242-1,1984-04-01 00:00:00
52.242-2,,I,42.1107,"Feb 9, 2024 2:30 AM","Feb 9, 2024 2:30 AM",FAR,no change (PCD 26-03B),,,,No Change,52.242-2,1991-04-01 00:00:00
52.242-3,,I,42.709-7,"Jan 17, 2025 2:53 AM","Jan 17, 2025 2:53 AM",FAR,updated (PCD 26-03B),,,,Updated,52.242-3,JAN 2026 (PCD 26-03)
52.242-4,,I,42.703-2,"Sep 27, 2024 1:21 PM","Sep 27, 2024 1:21 PM",FAR,no change (PCD 26-03B),,,,No Change,52.242-4,1997-01-01 00:00:00
52.242-5,,I,42.1504,"Feb 9, 2024 2:31 AM","Feb 9, 2024 2:31 AM",FAR,no change (PCD 26-03B),,,,No Change,52.242-5,2017-01-01 00:00:00
52.242-13,,I,42.903,"Feb 9, 2024 2:31 AM","Feb 9, 2024 2:31 AM",FAR,no change (PCD 26-03B),,,,No Change,52.242-13,1995-07-01 00:00:00
52.242-14,,F,42.1305,"Feb 9, 2024 2:31 AM","Feb 9, 2024 2:31 AM",FAR,no change (PCD 26-03B),,,,No Change,52.242-14,1984-04-01 00:00:00
52.242-15,,F,42.1305,"May 7, 2025 9:19 PM","Mar 14, 2025 2:53 AM",FAR,no change (PCD 26-03B),,,,No Change,52.242-15,1989-08-01 00:00:00
52.242-15,,F,42.1305,"May 7, 2025 9:20 PM","Mar 14, 2025 2:53 AM",FAR,no change (PCD 26-03B),,,,No Change,52.242-15,1989-08-01 00:00:00
52.242-17,,F,42.1305,"Feb 9, 2024 2:32 AM","Feb 9, 2024 2:32 AM",FAR,no change (PCD 26-03B),,,,No Change,52.242-17,1984-04-01 00:00:00
52.243-1,,I,43.205,"May 7, 2025 9:20 PM","Feb 9, 2024 2:32 AM",FAR,updated (PCD 26-03B),,,,Updated,52.243-1,JAN 2026 (PCD 26-03)
52.243-1,,I,43.205,"May 7, 2025 9:21 PM","Feb 9, 2024 2:32 AM",FAR,updated (PCD 26-03B),,,,Updated,52.243-1,JAN 2026 (PCD 26-03)
52.243-1,,I,43.205,"May 7, 2025 9:21 PM","Feb 9, 2024 2:32 AM",FAR,updated (PCD 26-03B),,,,Updated,52.243-1,JAN 2026 (PCD 26-03)
52.243-1,,I,43.205,"May 7, 2025 9:22 PM","Feb 9, 2024 2:32 AM",FAR,updated (PCD 26-03B),,,,Updated,52.243-1,JAN 2026 (PCD 26-03)
52.243-1,,I,43.205,"May 7, 2025 9:22 PM","Feb 9, 2024 2:32 AM",FAR,updated (PCD 26-03B),,,,Updated,52.243-1,JAN 2026 (PCD 26-03)
52.243-1,,I,43.205,"May 7, 2025 9:23 PM","Feb 9, 2024 2:32 AM",FAR,updated (PCD 26-03B),,,,Updated,52.243-1,JAN 2026 (PCD 26-03)
52.243-2,,I,43.205,"May 7, 2025 9:23 PM","Feb 9, 2024 2:33 AM",FAR,updated (PCD 26-03B),,,,Updated,52.243-2,JAN 2026 (PCD 26-03)
52.243-2,,I,43.205,"May 7, 2025 9:24 PM","Feb 9, 2024 2:33 AM",FAR,updated (PCD 26-03B),,,,Updated,52.243-2,JAN 2026 (PCD 26-03)
52.243-2,,I,43.205,"May 7, 2025 9:24 PM","Feb 9, 2024 2:33 AM",FAR,updated (PCD 26-03B),,,,Updated,52.243-2,JAN 2026 (PCD 26-03)
52.243-2,,I,43.205,"May 7, 2025 9:25 PM","Feb 9, 2024 2:33 AM",FAR,updated (PCD 26-03B),,,,Updated,52.243-2,JAN 2026 (PCD 26-03)
52.243-2,,I,43.205,"May 7, 2025 9:26 PM","Feb 9, 2024 2:33 AM",FAR,updated (PCD 26-03B),,,,Updated,52.243-2,JAN 2026 (PCD 26-03)
52.243-3,,I,43.205,"Feb 9, 2024 2:33 AM","Feb 9, 2024 2:33 AM",FAR,updated (PCD 26-03B),,,,Updated,52.243-3,JAN 2026 (PCD 26-03)
52.243-4,,I,43.205,"Mar 14, 2025 2:56 AM","Mar 14, 2025 2:56 AM",FAR,updated (PCD 26-03B),,,,Updated,52.243-4,JAN 2026 (PCD 26-03)
52.243-5,,I,43.205,"Feb 9, 2024 2:33 AM","Feb 9, 2024 2:33 AM",FAR,updated (PCD 26-03B),,,,Updated,52.243-5,JAN 2026 (PCD 26-03)
52.243-6,,I,43.205,"Mar 14, 2025 2:56 AM","Mar 14, 2025 2:56 AM",FAR,updated (PCD 26-03B),,,,Updated,52.243-6,JAN 2026 (PCD 26-03)
52.243-7,,I,43.107,"Mar 14, 2025 2:56 AM","Mar 14, 2025 2:56 AM",FAR,updated (PCD 26-03B),,,,Updated,52.243-7,JAN 2026 (PCD 26-03)
52.244-2,,I,44.204,"May 7, 2025 9:27 PM","Mar 14, 2025 2:56 AM",FAR,no change (PCD 26-03B),,,,No Change,52.244-2,2020-06-01 00:00:00
52.244-2,,I,44.204,"May 7, 2025 9:27 PM","Mar 14, 2025 2:57 AM",FAR,no change (PCD 26-03B),,,,No Change,52.244-2,2020-06-01 00:00:00
52.244-4,,I,44.204,"Feb 9, 2024 2:34 AM","Feb 9, 2024 2:34 AM",FAR,no change (PCD 26-03B),,,,No Change,52.244-4,1998-08-01 00:00:00
52.244-5,,I,44.204,"Oct 4, 2024 2:59 AM","Oct 4, 2024 2:59 AM",FAR,no change (PCD 26-03B),,,,No Change,52.244-5,2024-08-01 00:00:00
52.244-6,,I,44.403,"Jan 17, 2025 2:59 AM","Jan 17, 2025 2:59 AM",FAR,updated (PCD 26-03B),,,,Updated,52.244-6,JAN 2026 (PCD 26-03)
52.245-1,,I,45.107,"May 7, 2025 9:31 PM","Sep 27, 2024 1:26 PM",FAR,no change (PCD 26-03B),,,,No Change,52.245-1,2021-09-01 00:00:00
52.245-1,,I,45.107,"May 7, 2025 9:29 PM","Sep 27, 2024 1:26 PM",FAR,no change (PCD 26-03B),,,,No Change,52.245-1,2021-09-01 00:00:00
52.245-1,,I,45.107,"May 7, 2025 9:30 PM","Sep 27, 2024 1:26 PM",FAR,no change (PCD 26-03B),,,,No Change,52.245-1,2021-09-01 00:00:00
52.245-2,,I,45.107,"Mar 14, 2025 2:58 AM","Mar 14, 2025 2:58 AM",FAR,no change (PCD 26-03B),,,,No Change,52.245-2,2012-04-01 00:00:00
52.245-9,,I,45.107,"Sep 27, 2024 1:27 PM","Sep 27, 2024 1:27 PM",FAR,no change (PCD 26-03B),,,,No Change,52.245-9,2012-04-01 00:00:00
52.246-1,,E,46.301,"Feb 9, 2024 2:35 AM","Feb 9, 2024 2:35 AM",FAR,no change (PCD 26-03B),,,,No Change,52.246-1,1984-04-01 00:00:00
52.246-2,,E,46.302,"May 7, 2025 9:36 PM","Feb 9, 2024 2:35 AM",FAR,no change (PCD 26-03B),,,,No Change,52.246-2,1996-08-01 00:00:00
52.246-2,,E,46.302,"May 7, 2025 9:37 PM","Feb 9, 2024 2:36 AM",FAR,no change (PCD 26-03B),,,,No Change,52.246-2,1996-08-01 00:00:00
52.246-2,,E,46.302,"May 7, 2025 9:37 PM","Feb 9, 2024 2:36 AM",FAR,no change (PCD 26-03B),,,,No Change,52.246-2,1996-08-01 00:00:00
52.246-3,,E,46.303,"Feb 9, 2024 2:36 AM","Feb 9, 2024 2:36 AM",FAR,no change (PCD 26-03B),,,,No Change,52.246-3,2001-05-01 00:00:00
52.246-4,,E,46.304,"Feb 9, 2024 2:36 AM","Feb 9, 2024 2:36 AM",FAR,no change (PCD 26-03B),,,,No Change,52.246-4,1996-08-01 00:00:00
52.246-5,,E,46.305,"Feb 9, 2024 2:36 AM","Feb 9, 2024 2:36 AM",FAR,no change (PCD 26-03B),,,,No Change,52.246-5,1984-04-01 00:00:00
52.246-6,,E,46.306,"May 7, 2025 9:38 PM","Feb 9, 2024 2:36 AM",FAR,no change (PCD 26-03B),,,,No Change,52.246-6,2001-05-01 00:00:00
52.246-6,,E,46.306,"May 7, 2025 9:38 PM","Feb 9, 2024 2:36 AM",FAR,no change (PCD 26-03B),,,,No Change,52.246-6,2001-05-01 00:00:00
52.246-7,,E,46.307,"Feb 9, 2024 2:36 AM","Feb 9, 2024 2:36 AM",FAR,no change (PCD 26-03B),,,,No Change,52.246-7,1996-08-01 00:00:00
52.246-8,,E,46.308,"May 7, 2025 9:39 PM","Feb 9, 2024 2:37 AM",FAR,no change (PCD 26-03B),,,,No Change,52.246-8,2001-05-01 00:00:00
52.246-8,,E,46.308,"May 7, 2025 9:40 PM","Feb 9, 2024 2:37 AM",FAR,no change (PCD 26-03B),,,,No Change,52.246-8,2001-05-01 00:00:00
52.246-9,,E,46.309,"Feb 9, 2024 2:37 AM","Feb 9, 2024 2:37 AM",FAR,no change (PCD 26-03B),,,,No Change,52.246-9,1984-04-01 00:00:00
52.246-11,,E,46.311,"Apr 19, 2025 2:59 AM","Apr 19, 2025 2:59 AM",FAR,no change (PCD 26-03B),,,,No Change,52.246-11,2014-12-01 00:00:00
52.246-12,,E,46.312,"Feb 9, 2024 2:37 AM","Feb 9, 2024 2:37 AM",FAR,no change (PCD 26-03B),,,,No Change,52.246-12,1996-08-01 00:00:00
52.246-13,,E,46.313,"Feb 9, 2024 2:37 AM","Feb 9, 2024 2:37 AM",FAR,no change (PCD 26-03B),,,,No Change,52.246-13,1996-08-01 00:00:00
52.246-14,,E,46.314,"Sep 27, 2024 1:30 PM","Sep 27, 2024 1:30 PM",FAR,no change (PCD 26-03B),,,,No Change,52.246-14,1984-04-01 00:00:00
52.246-15,,E,46.315,"Feb 9, 2024 2:38 AM","Feb 9, 2024 2:38 AM",FAR,no change (PCD 26-03B),,,,No Change,52.246-15,1984-04-01 00:00:00
52.246-16,,E,46.316,"Feb 9, 2024 2:38 AM","Feb 9, 2024 2:38 AM",FAR,no change (PCD 26-03B),,,,No Change,52.246-16,1984-04-01 00:00:00
52.246-17,,I,46.710,"May 7, 2025 9:40 PM","Sep 27, 2024 1:30 PM",FAR,no change (PCD 26-03B),,,,No Change,52.246-17,2003-06-01 00:00:00
52.246-17,,I,46.710,"May 7, 2025 9:42 PM","Sep 27, 2024 1:30 PM",FAR,no change (PCD 26-03B),,,,No Change,52.246-17,2003-06-01 00:00:00
52.246-17,,I,46.710,"May 7, 2025 9:42 PM","Feb 23, 2024 2:39 AM",FAR,no change (PCD 26-03B),,,,No Change,52.246-17,2003-06-01 00:00:00
52.246-17,,I,46.710,"May 7, 2025 9:43 PM","Sep 27, 2024 1:31 PM",FAR,no change (PCD 26-03B),,,,No Change,52.246-17,2003-06-01 00:00:00
52.246-17,,I,46.710,"May 7, 2025 9:43 PM","Sep 27, 2024 1:31 PM",FAR,no change (PCD 26-03B),,,,No Change,52.246-17,2003-06-01 00:00:00
52.246-18,,I,46.710,"May 7, 2025 9:44 PM","Mar 14, 2025 3:03 AM",FAR,no change (PCD 26-03B),,,,No Change,52.246-18,2001-05-01 00:00:00
52.246-18,,I,46.710,"May 7, 2025 9:45 PM","Mar 14, 2025 3:03 AM",FAR,no change (PCD 26-03B),,,,No Change,52.246-18,2001-05-01 00:00:00
52.246-18,,I,46.710,"May 7, 2025 9:46 PM","Mar 14, 2025 3:03 AM",FAR,no change (PCD 26-03B),,,,No Change,52.246-18,2001-05-01 00:00:00
52.246-18,,I,46.710,"May 7, 2025 9:46 PM","Mar 14, 2025 3:03 AM",FAR,no change (PCD 26-03B),,,,No Change,52.246-18,2001-05-01 00:00:00
52.246-19,,I,46.710,"May 7, 2025 9:47 PM","Mar 14, 2025 3:04 AM",FAR,no change (PCD 26-03B),,,,No Change,52.246-19,2001-05-01 00:00:00
52.246-19,,I,46.710,"May 7, 2025 9:47 PM","Mar 14, 2025 3:04 AM",FAR,no change (PCD 26-03B),,,,No Change,52.246-19,2001-05-01 00:00:00
52.246-19,,I,46.710,"May 7, 2025 9:48 PM","Mar 14, 2025 3:04 AM",FAR,no change (PCD 26-03B),,,,No Change,52.246-19,2001-05-01 00:00:00
52.246-19,,I,46.710,"May 7, 2025 9:49 PM","Mar 14, 2025 3:04 AM",FAR,no change (PCD 26-03B),,,,No Change,52.246-19,2001-05-01 00:00:00
52.246-20,,I,46.710,"Mar 14, 2025 3:04 AM","Mar 14, 2025 3:04 AM",FAR,no change (PCD 26-03B),,,,No Change,52.246-20,2001-05-01 00:00:00
52.246-21,,I,46.710,"May 7, 2025 9:49 PM","Mar 14, 2025 3:04 AM",FAR,no change (PCD 26-03B),,,,No Change,52.246-21,1994-03-01 00:00:00
52.246-21,,I,46.710,"May 7, 2025 9:50 PM","Mar 14, 2025 3:05 AM",FAR,no change (PCD 26-03B),,,,No Change,52.246-21,1994-03-01 00:00:00
52.246-23,,I,46.805,"Sep 27, 2024 1:33 PM","Sep 27, 2024 1:33 PM",FAR,no change (PCD 26-03B),,,,No Change,52.246-23,1997-02-01 00:00:00
52.246-24,,I,46.805,"May 7, 2025 9:50 PM","Feb 9, 2024 2:40 AM",FAR,no change (PCD 26-03B),,,,No Change,52.246-24,1997-02-01 00:00:00
52.246-24,,I,46.805,"May 7, 2025 9:51 PM","Feb 9, 2024 2:40 AM",FAR,no change (PCD 26-03B),,,,No Change,52.246-24,1997-02-01 00:00:00
52.246-25,,I,46.805,"Feb 9, 2024 2:40 AM","Feb 9, 2024 2:40 AM",FAR,no change (PCD 26-03B),,,,No Change,52.246-25,1997-02-01 00:00:00
52.246-26,,I,46.317,"Oct 4, 2024 3:08 AM","Oct 4, 2024 3:08 AM",FAR,no change (PCD 26-03B),,,,No Change,52.246-26,2024-08-01 00:00:00
52.247-1,,I,47.104-4,"Mar 14, 2025 3:06 AM","Mar 14, 2025 3:06 AM",FAR,no change (PCD 26-03B),,,,No Change,52.247-1,2006-02-01 00:00:00
52.247-2,,I,47.207-1,"Mar 14, 2025 3:06 AM","Mar 14, 2025 3:06 AM",FAR,no change (PCD 26-03B),,,,No Change,52.247-2,1997-01-01 00:00:00
52.247-5,,I,47.207-1,"Feb 9, 2024 2:42 AM","Feb 9, 2024 2:42 AM",FAR,no change (PCD 26-03B),,,,No Change,52.247-5,1984-04-01 00:00:00
52.247-8,,I,47.207-3,"Feb 9, 2024 2:42 AM","Feb 9, 2024 2:42 AM",FAR,no change (PCD 26-03B),,,,No Change,52.247-8,1984-04-01 00:00:00
52.247-10,,I,47.207-4,"Feb 9, 2024 2:42 AM","Feb 9, 2024 2:42 AM",FAR,no change (PCD 26-03B),,,,No Change,52.247-10,1984-04-01 00:00:00
52.247-11,,I,47.207-4,"Feb 9, 2024 2:42 AM","Feb 9, 2024 2:42 AM",FAR,no change (PCD 26-03B),,,,No Change,52.247-11,1984-04-01 00:00:00
52.247-13,,I,47.207-5,"Mar 14, 2025 3:08 AM","Mar 14, 2025 3:08 AM",FAR,no change (PCD 26-03B),,,,No Change,52.247-13,1984-04-01 00:00:00
52.247-15,,I,47.207-5,"Feb 9, 2024 2:43 AM","Feb 9, 2024 2:43 AM",FAR,no change (PCD 26-03B),,,,No Change,52.247-15,1984-04-01 00:00:00
52.247-17,,I,47.207-6,"Feb 9, 2024 2:43 AM","Feb 9, 2024 2:43 AM",FAR,no change (PCD 26-03B),,,,No Change,52.247-17,1984-04-01 00:00:00
52.247-18,,I,47.207-6,"Feb 9, 2024 2:43 AM","Feb 9, 2024 2:43 AM",FAR,no change (PCD 26-03B),,,,No Change,52.247-18,1984-04-01 00:00:00
52.247-19,,I,47.207-6,"Mar 14, 2025 3:09 AM","Mar 14, 2025 3:09 AM",FAR,no change (PCD 26-03B),,,,No Change,52.247-19,1984-04-01 00:00:00
52.247-21,,I,47.207-7,"Sep 27, 2024 1:38 PM","Sep 27, 2024 1:38 PM",FAR,no change (PCD 26-03B),,,,No Change,52.247-21,1984-04-01 00:00:00
52.247-22,,I,47.207-7,"Sep 27, 2024 1:39 PM","Sep 27, 2024 1:39 PM",FAR,no change (PCD 26-03B),,,,No Change,52.247-22,1984-04-01 00:00:00
52.247-23,,I,47.207-7,"Mar 14, 2025 3:10 AM","Mar 14, 2025 3:10 AM",FAR,no change (PCD 26-03B),,,,No Change,52.247-23,1991-01-01 00:00:00
52.247-26,,I,47.207-8,"Feb 9, 2024 2:44 AM","Feb 9, 2024 2:44 AM",FAR,removed by RFO (PCD 26-03B),,,,Removed,52.247-26,-
52.247-29,,F,47.303-1,"Feb 9, 2024 2:45 AM","Feb 9, 2024 2:45 AM",FAR,no change (PCD 26-03B),,,,No Change,52.247-29,2006-02-01 00:00:00
52.247-30,,F,47.303-2,"Feb 9, 2024 2:45 AM","Feb 9, 2024 2:45 AM",FAR,no change (PCD 26-03B),,,,No Change,52.247-30,2006-02-01 00:00:00
52.247-31,,F,47.303-3,"Feb 9, 2024 2:45 AM","Feb 9, 2024 2:45 AM",FAR,no change (PCD 26-03B),,,,No Change,52.247-31,2006-02-01 00:00:00
52.247-32,,F,47.303-4,"Feb 9, 2024 2:45 AM","Feb 9, 2024 2:45 AM",FAR,no change (PCD 26-03B),,,,No Change,52.247-32,2006-02-01 00:00:00
52.247-33,,F,47.303-5,"Mar 14, 2025 3:12 AM","Mar 14, 2025 3:12 AM",FAR,no change (PCD 26-03B),,,,No Change,52.247-33,2006-02-01 00:00:00
52.247-34,,F,47.303-6,"Sep 27, 2024 1:41 PM","Sep 27, 2024 1:41 PM",FAR,no change (PCD 26-03B),,,,No Change,52.247-34,1991-01-01 00:00:00
52.247-35,,F,47.303-7,"Feb 9, 2024 2:46 AM","Feb 9, 2024 2:46 AM",FAR,no change (PCD 26-03B),,,,No Change,52.247-35,1984-04-01 00:00:00
52.247-36,,F,47.303-8,"Feb 9, 2024 2:46 AM","Feb 9, 2024 2:46 AM",FAR,no change (PCD 26-03B),,,,No Change,52.247-36,1984-04-01 00:00:00
52.247-37,,F,47.303-9,"Feb 9, 2024 2:46 AM","Feb 9, 2024 2:46 AM",FAR,no change (PCD 26-03B),,,,No Change,52.247-37,1984-04-01 00:00:00
52.247-38,,F,47.303-10,"Feb 9, 2024 2:46 AM","Feb 9, 2024 2:46 AM",FAR,no change (PCD 26-03B),,,,No Change,52.247-38,2006-02-01 00:00:00
52.247-39,,F,47.303-11,"Feb 9, 2024 2:46 AM","Feb 9, 2024 2:46 AM",FAR,no change (PCD 26-03B),,,,No Change,52.247-39,1984-04-01 00:00:00
52.247-48,,F,47.305-4,"Feb 9, 2024 2:47 AM","Feb 9, 2024 2:47 AM",FAR,no change (PCD 26-03B),,,,No Change,52.247-48,1999-02-01 00:00:00
52.247-52,,F,47.305-6,"Sep 27, 2024 1:45 PM","Sep 27, 2024 1:45 PM",FAR,updated (PCD 26-03B),,,,Updated,52.247-52,JAN 2026 (PCD 26-03)
52.247-53,,K,47.305-9,"Mar 14, 2025 3:16 AM","Mar 14, 2025 3:16 AM",FAR,no change (PCD 26-03B),,,,No Change,52.247-53,1984-04-01 00:00:00
52.247-56,,M,47.305-13,"Mar 14, 2025 3:16 AM","Mar 14, 2025 3:16 AM",FAR,no change (PCD 26-03B),,,,No Change,52.247-56,1984-04-01 00:00:00
52.247-58,,F,47.305-15,"Feb 9, 2024 2:49 AM","Feb 9, 2024 2:49 AM",FAR,no change (PCD 26-03B),,,,No Change,52.247-58,1984-04-01 00:00:00
52.247-63,,I,47.305-16,"Jun 15, 2026 11:17 AM","Mar 14, 2025 3:17 AM",FAR,no change (PCD 26-03B),,,,No Change,52.247-63,2025-01-01 00:00:00
52.247-64,,I,47.507,"May 7, 2025 9:56 PM","Sep 27, 2024 1:47 PM",FAR,updated (PCD 26-03B),,,,Updated,52.247-64,JAN 2026 (PCD 26-03)
52.247-64,,I,47.507,"May 7, 2025 9:56 PM","Sep 27, 2024 1:47 PM",FAR,updated (PCD 26-03B),,,,Updated,52.247-64,JAN 2026 (PCD 26-03)
52.247-64,,I,47.507,"May 7, 2025 9:57 PM","Sep 27, 2024 1:47 PM",FAR,updated (PCD 26-03B),,,,Updated,52.247-64,JAN 2026 (PCD 26-03)
52.247-67,,I,47.103-2,"Mar 14, 2025 3:18 AM","Mar 14, 2025 3:18 AM",FAR,no change (PCD 26-03B),,,,No Change,52.247-67,2006-02-01 00:00:00
52.247-68,,I,47.208-2,"Feb 9, 2024 2:51 AM","Feb 9, 2024 2:51 AM",FAR,no change (PCD 26-03B),,,,No Change,52.247-68,2006-02-01 00:00:00
52.248-1,,I,48.201,"May 7, 2025 9:58 PM","Mar 14, 2025 3:19 AM",FAR,updated (PCD 26-03B),,,,Updated,52.248-1,JAN 2026 (PCD 26-03)
52.248-1,,I,48.201,"May 7, 2025 9:59 PM","Mar 14, 2025 3:19 AM",FAR,updated (PCD 26-03B),,,,Updated,52.248-1,JAN 2026 (PCD 26-03)
52.248-1,,I,48.201,"May 7, 2025 10:03 PM","Mar 14, 2025 3:19 AM",FAR,updated (PCD 26-03B),,,,Updated,52.248-1,JAN 2026 (PCD 26-03)
52.248-1,,I,48.201,"May 7, 2025 10:03 PM","Mar 14, 2025 3:20 AM",FAR,updated (PCD 26-03B),,,,Updated,52.248-1,JAN 2026 (PCD 26-03)
52.248-2,,I,48.201,"Feb 9, 2024 2:52 AM","Feb 9, 2024 2:52 AM",FAR,no change (PCD 26-03B),,,,No Change,52.248-2,1990-03-01 00:00:00
52.248-3,,I,48.202,"May 7, 2025 10:05 PM","Mar 14, 2025 3:20 AM",FAR,no change (PCD 26-03B),,,,No Change,52.248-3,2025-10-01 00:00:00
52.248-3,,I,48.202,"May 7, 2025 10:07 PM","Mar 14, 2025 3:20 AM",FAR,no change (PCD 26-03B),,,,No Change,52.248-3,2025-10-01 00:00:00
52.249-1,,I,49.502,"May 7, 2025 10:08 PM","Feb 9, 2024 2:52 AM",FAR,no change (PCD 26-03B),,,,No Change,52.249-1,1984-04-01 00:00:00
52.249-1,,I,49.502,"May 7, 2025 10:10 PM","Feb 9, 2024 2:52 AM",FAR,no change (PCD 26-03B),,,,No Change,52.249-1,1984-04-01 00:00:00
52.249-2,,I,49.502,"May 7, 2025 10:10 PM","Sep 27, 2024 1:50 PM",FAR,no change (PCD 26-03B),,,,No Change,52.249-2,2012-04-01 00:00:00
52.249-2,,I,49.502,"May 7, 2025 10:11 PM","Sep 27, 2024 1:50 PM",FAR,no change (PCD 26-03B),,,,No Change,52.249-2,2012-04-01 00:00:00
52.249-2,,I,49.502,"May 7, 2025 10:12 PM","Sep 27, 2024 1:50 PM",FAR,no change (PCD 26-03B),,,,No Change,52.249-2,2012-04-01 00:00:00
52.249-2,,I,49.502,"May 7, 2025 10:12 PM","Sep 27, 2024 1:50 PM",FAR,no change (PCD 26-03B),,,,No Change,52.249-2,2012-04-01 00:00:00
52.249-3,,I,49.502,"May 7, 2025 10:13 PM","Sep 27, 2024 1:50 PM",FAR,no change (PCD 26-03B),,,,No Change,52.249-3,2012-04-01 00:00:00
52.249-3,,I,49.502,"May 7, 2025 10:13 PM","Sep 27, 2024 1:51 PM",FAR,no change (PCD 26-03B),,,,No Change,52.249-3,2012-04-01 00:00:00
52.249-4,,I,49.502,"Feb 9, 2024 2:53 AM","Feb 9, 2024 2:53 AM",FAR,no change (PCD 26-03B),,,,No Change,52.249-4,1984-04-01 00:00:00
52.249-5,,I,49.502,"Sep 27, 2024 1:51 PM","Sep 27, 2024 1:51 PM",FAR,no change (PCD 26-03B),,,,No Change,52.249-5,2016-08-01 00:00:00
52.249-6,,I,49.503,"May 7, 2025 10:14 PM","Sep 27, 2024 1:51 PM",FAR,no change (PCD 26-03B),,,,No Change,52.249-6,2004-05-01 00:00:00
52.249-6,,I,49.503,"May 7, 2025 10:16 PM","Sep 27, 2024 1:51 PM",FAR,no change (PCD 26-03B),,,,No Change,52.249-6,2004-05-01 00:00:00
52.249-6,,I,49.503,"May 7, 2025 10:17 PM","Sep 27, 2024 1:52 PM",FAR,no change (PCD 26-03B),,,,No Change,52.249-6,2004-05-01 00:00:00
52.249-6,,I,49.503,"May 7, 2025 10:17 PM","Sep 27, 2024 1:52 PM",FAR,no change (PCD 26-03B),,,,No Change,52.249-6,2004-05-01 00:00:00
52.249-6,,I,49.503,"May 7, 2025 10:18 PM","Sep 27, 2024 1:52 PM",FAR,no change (PCD 26-03B),,,,No Change,52.249-6,2004-05-01 00:00:00
52.249-6,,I,49.503,"May 7, 2025 10:19 PM","Sep 27, 2024 1:52 PM",FAR,no change (PCD 26-03B),,,,No Change,52.249-6,2004-05-01 00:00:00
52.249-7,,I,49.503,"Feb 9, 2024 2:54 AM","Feb 9, 2024 2:54 AM",FAR,no change (PCD 26-03B),,,,No Change,52.249-7,1984-04-01 00:00:00
52.249-8,,I,49.504,"May 7, 2025 10:19 PM","Feb 9, 2024 2:54 AM",FAR,no change (PCD 26-03B),,,,No Change,52.249-8,1984-04-01 00:00:00
52.249-8,,I,49.504,"May 7, 2025 10:20 PM","Feb 9, 2024 2:54 AM",FAR,no change (PCD 26-03B),,,,No Change,52.249-8,1984-04-01 00:00:00
52.249-9,,I,49.504,"Feb 9, 2024 2:55 AM","Feb 9, 2024 2:55 AM",FAR,no change (PCD 26-03B),,,,No Change,52.249-9,1984-04-01 00:00:00
52.249-10,,I,49.504,"May 7, 2025 10:21 PM","Feb 9, 2024 2:55 AM",FAR,no change (PCD 26-03B),,,,No Change,52.249-10,1984-04-01 00:00:00
52.249-10,,I,49.504,"May 7, 2025 10:21 PM","Feb 9, 2024 2:55 AM",FAR,no change (PCD 26-03B),,,,No Change,52.249-10,1984-04-01 00:00:00
52.249-10,,I,49.504,"May 7, 2025 10:22 PM","Feb 9, 2024 2:55 AM",FAR,no change (PCD 26-03B),,,,No Change,52.249-10,1984-04-01 00:00:00
52.249-10,,I,49.504,"May 7, 2025 10:22 PM","Feb 9, 2024 2:55 AM",FAR,no change (PCD 26-03B),,,,No Change,52.249-10,1984-04-01 00:00:00
52.249-12,,I,49.505,"Feb 9, 2024 2:55 AM","Feb 9, 2024 2:55 AM",FAR,no change (PCD 26-03B),,,,No Change,52.249-12,1984-04-01 00:00:00
52.249-14,,I,49.505,"Feb 9, 2024 2:55 AM","Feb 9, 2024 2:55 AM",FAR,no change (PCD 26-03B),,,,No Change,52.249-14,1984-04-01 00:00:00
52.250-1,,I,50.104-4,"Aug 24, 2026 7:17 PM","Sep 27, 2024 1:54 PM",FAR,no change (PCD 26-03B),,,,No Change,52.250-1,1984-04-01 00:00:00
52.250-1,,I,50.104-4,"Aug 24, 2026 7:18 PM","Sep 27, 2024 1:54 PM",FAR,no change (PCD 26-03B),,,,No Change,52.250-1,1984-04-01 00:00:00
52.250-2,,L,50.206,"Sep 27, 2024 1:55 PM","Sep 27, 2024 1:55 PM",FAR,no change (PCD 26-03B),,,,No Change,52.250-2,2009-02-01 00:00:00
52.250-3,,L,50.206,"May 7, 2025 10:24 PM","Sep 27, 2024 1:55 PM",FAR,no change (PCD 26-03B),,,,No Change,52.250-3,2009-02-01 00:00:00
52.250-3,,L,50.206,"May 7, 2025 10:25 PM","Sep 27, 2024 1:55 PM",FAR,no change (PCD 26-03B),,,,No Change,52.250-3,2009-02-01 00:00:00
52.250-3,,L,50.206,"May 7, 2025 10:25 PM","Sep 27, 2024 1:55 PM",FAR,no change (PCD 26-03B),,,,No Change,52.250-3,2009-02-01 00:00:00
52.250-4,,L,50.206,"May 7, 2025 10:26 PM","Sep 27, 2024 1:55 PM",FAR,no change (PCD 26-03B),,,,No Change,52.250-4,2009-02-01 00:00:00
52.250-4,,L,50.206,"May 7, 2025 10:26 PM","Sep 27, 2024 1:55 PM",FAR,no change (PCD 26-03B),,,,No Change,52.250-4,2009-02-01 00:00:00
52.250-4,,L,50.206,"May 7, 2025 10:26 PM","Sep 27, 2024 1:56 PM",FAR,no change (PCD 26-03B),,,,No Change,52.250-4,2009-02-01 00:00:00
52.250-5,,I,50.206,"Aug 24, 2026 7:19 PM","Sep 27, 2024 1:56 PM",FAR,updated (PCD 26-03B),,,,Updated,52.250-5,JAN 2026 (PCD 26-03)
52.252-1,,L,52.107,"Mar 14, 2025 3:27 AM","Mar 14, 2025 3:27 AM",FAR,no change (PCD 26-03B),,,,No Change,52.252-1,1998-02-01 00:00:00
52.252-2,,I,52.107,"Mar 14, 2025 3:27 AM","Mar 14, 2025 3:27 AM",FAR,no change (PCD 26-03B),,,,No Change,52.252-2,1998-02-01 00:00:00
52.252-3,,L,52.107,"Mar 14, 2025 3:28 AM","Mar 14, 2025 3:28 AM",FAR,no change (PCD 26-03B),,,,No Change,52.252-3,1984-04-01 00:00:00
52.252-4,,I,52.107,"Mar 14, 2025 3:28 AM","Mar 14, 2025 3:28 AM",FAR,no change (PCD 26-03B),,,,No Change,52.252-4,1984-04-01 00:00:00
52.252-5,,L,52.107,"Mar 14, 2025 3:28 AM","Mar 14, 2025 3:28 AM",FAR,no change (PCD 26-03B),,,,No Change,52.252-5,2020-11-01 00:00:00
52.252-6,,I,52.107,"Mar 14, 2025 3:28 AM","Mar 14, 2025 3:28 AM",FAR,no change (PCD 26-03B),,,,No Change,52.252-6,2020-11-01 00:00:00
52.253-1,,I,53.111,"Feb 9, 2024 2:58 AM","Feb 9, 2024 2:58 AM",FAR,updated (PCD 26-03B),,,,Updated,52.253-1,JAN 2026 (PCD 26-03)
NSSC XD041.G003,,G,NSSC XD041.G003,"Jul 29, 2026 6:48 PM",'-,other,not in PCD 26-03B matrix (verify),,,,,,
1852.209-71,,H,1809.507-2,"May 7, 2025 2:38 PM",'-,NFS,active (NFS matrix 7/23/2026),,,,Listed,,DEC 1998
1852.219-11,,I,1819.811-3(a),"May 7, 2025 3:51 PM",'-,NFS,active (NFS matrix 7/23/2026),,,,Listed,PCD 15-35,APR 2015
1852.219-18,,I,1819.811-3(d),"May 7, 2025 2:39 PM",'-,NFS,active (NFS matrix 7/23/2026),,,,Listed,PCD 15-35,APR 2015
1852.219-80,,I,1819.7302(a),"May 7, 2025 2:40 PM",'-,NFS,active (NFS matrix 7/23/2026),,,,Listed,PCD 026-35,(OCT 2026)
1852.219-81,,I,1819.7302(b),"May 7, 2025 2:40 PM",'-,NFS,active (NFS matrix 7/23/2026),,,,Listed,PCD 006-35,(OCT 2006)
1852.219-82,,I,1819.7302(c),"May 7, 2025 2:40 PM",'-,NFS,active (NFS matrix 7/23/2026),,,,Listed,PCD 006-35,(OCT 2006)
1852.232-70,,I,1832.412-70,"May 7, 2025 2:42 PM",'-,NFS,active (NFS matrix 7/23/2026),,,,Listed,PCD 15-35,APR 2015
1852.232-80,,G,1832.908-70,"May 7, 2025 2:43 PM",'-,NFS,active (NFS matrix 7/23/2026),,,,Listed,PCD 18-35,ARP 2018
1852.216-81,,B,1816.307-70(d),"May 7, 2025 2:58 PM",'-,NFS,active (NFS matrix 7/23/2026),,,,Listed,,DEC 1988
1852.216-83,,B,1816.406-70(c),"May 7, 2025 2:59 PM",'-,NFS,not in NFS matrix 7/23/2026 (verify: removed or renumbered),,,,,,
1852.216-84,,B,1816.406-70(d),"May 7, 2025 2:59 PM",'-,NFS,active (NFS matrix 7/23/2026),,,,Listed,,OCT 1996
1852.239-70,,G,1839.7001,"Mar 27, 2026 11:16 AM",'-,NFS,active (NFS matrix 7/23/2026),,,,Listed,PCD 26-06A,2026-03-01 00:00:00
1852.216-72,,I,1816.406-70(g),"May 7, 2025 3:03 PM",'-,NFS,active (NFS matrix 7/23/2026),,,,Listed,,AUG 2017
1852.216-74,,B,1816.307-70(b),"May 7, 2025 3:03 PM",'-,NFS,active (NFS matrix 7/23/2026),,,,Listed,,DEC 1991
1852.216-80,,I,1816.506-70(b),"Mar 5, 2026 10:28 AM",'-,NFS,active (NFS matrix 7/23/2026),,,,Listed,,APR 2018
1852.216-85,,B,1816.406-70(e),"May 7, 2025 3:44 PM",'-,NFS,active (NFS matrix 7/23/2026),,,,Listed,,SEP 1993
1852.216-85,,B,1816.406-70(e),"May 7, 2025 3:44 PM",'-,NFS,active (NFS matrix 7/23/2026),,,,Listed,,SEP 1993
1852.216-88,,B,1816.406-70(f),"May 7, 2025 3:44 PM",'-,NFS,active (NFS matrix 7/23/2026),,,,Listed,,APR 2015
1852.227-14,,I,1827.409(b)(1),"Jun 4, 2026 2:54 PM",'-,NFS,active (NFS matrix 7/23/2026),,,,Listed,PCD 26-02A,JUN 2026 (DEVIATION)
1852.232-79,,I,1832.111-70,"Jan 2, 2026 12:14 PM",'-,NFS,active (NFS matrix 7/23/2026),,,,Listed,PCD 7-35,SEP1987
1852.227-88,,I,1827.409(m),"Jun 16, 2026 2:01 PM",'-,NFS,active (NFS matrix 7/23/2026),,,,Listed,PCD 26-01,APR 2015
1852.247-71,,H,1847.7001,"May 7, 2025 3:52 PM",'-,NFS,active (NFS matrix 7/23/2026),,,,Listed,PCD 18-35,JUN 2018
MSFC 52.223-95,,H,MSFC 52.223-95,"Nov 15, 2024 2:15 PM",'-,other,not in PCD 26-03B matrix (verify),,,,,,
MSFC 52.223-92,,H,MSFC 52.223-92,"Nov 15, 2024 2:16 PM",'-,other,not in PCD 26-03B matrix (verify),,,,,,
MSFC 52.245-90,,G,MSFC 52.245-90,"Nov 15, 2024 2:18 PM",'-,other,not in PCD 26-03B matrix (verify),,,,,,
MSFC 52.204-91,,G,MSFC 52.204-91,"Nov 15, 2024 2:19 PM",'-,other,not in PCD 26-03B matrix (verify),,,,,,
MSFC 52.204-93,,L,MSFC 52.204-93,"Nov 15, 2024 2:21 PM",'-,other,not in PCD 26-03B matrix (verify),,,,,,
MSFC 52.205-90,,L,MSFC 52.205-90,"Nov 15, 2024 2:25 PM",'-,other,not in PCD 26-03B matrix (verify),,,,,,
1852.219-84,,I,1819.7302(e),"May 7, 2025 3:53 PM",'-,NFS,active (NFS matrix 7/23/2026),,,,Listed,PCD 006-35,(OCT 2006)
1852.219-85,,I,1819.7302(f),"May 7, 2025 3:54 PM",'-,NFS,active (NFS matrix 7/23/2026),,,,Listed,PCD 006-35,(OCT 2006)
1852.232-81,,B,1832.706-270(b),"Mar 25, 2026 10:25 AM",'-,NFS,active (NFS matrix 7/23/2026),,,,Listed,PCD 90-35,JUN 1990
1852.232-82,,G,1832.502-470,"May 7, 2025 3:55 PM",'-,NFS,active (NFS matrix 7/23/2026),,,,Listed,PCD 89-35,MAR 1989
1852.232-77,,H,1832.706-270(a),"Aug 24, 2026 7:16 PM",'-,NFS,active (NFS matrix 7/23/2026),,,,Listed,PCD 89-35,MAR 1989
1852.219-73,,L,1819.708-70(a),"May 7, 2025 4:00 PM",'-,NFS,active (NFS matrix 7/23/2026),,,,Listed,PPD 99-35,MAY 1999
1852.219-75,,I,1819.708-70(b),"May 7, 2025 4:00 PM",'-,NFS,active (NFS matrix 7/23/2026),,,,Listed,PCD 15-35,APR 2015
1852.219-83,,I,1819.7302(d),"May 7, 2025 4:00 PM",'-,NFS,active (NFS matrix 7/23/2026),,,,Listed,PCD 006-35,(OCT 2006)
1852.225-8,,I,1825.1101(e),"May 7, 2025 4:04 PM",'-,NFS,active (NFS matrix 7/23/2026),,,,Listed,PCD 00-35,FEB 2000
1852.216-90,,I,1816.307-70(g),"May 7, 2025 4:07 PM",'-,NFS,active (NFS matrix 7/23/2026),,,,Listed,,JUL 2023
1852.215-77,,L,1815.110-70(a),"Mar 17, 2026 1:23 PM",'-,NFS,active (NFS matrix 7/23/2026),,,,Listed,,APR 2015
1852.215-79,,I,1815.110-70(c),"Jan 2, 2026 12:33 PM",'-,NFS,active (NFS matrix 7/23/2026),,,,Listed,,JUN 2018
1852.215-81,,L,1815.110-70(d),"Jan 2, 2026 12:35 PM",'-,NFS,active (NFS matrix 7/23/2026),,,,Listed,,APR 2015
1852.215-84,,I,1815.110-70(e),"Jan 2, 2026 12:37 PM",'-,NFS,active (NFS matrix 7/23/2026),,,,Listed,,NOV 2023
1852.216-80,,I,1816.506-70(a),"May 7, 2025 4:13 PM",'-,NFS,active (NFS matrix 7/23/2026),,,,Listed,,APR 2018
1852.227-84,,L,1827.303(a)(1),"May 7, 2025 4:14 PM",'-,NFS,active (NFS matrix 7/23/2026),,,,Listed,,APR 2015
1852.227-86,,G,1827.409(g),"Jun 16, 2026 2:13 PM",'-,NFS,active (NFS matrix 7/23/2026),,,,Listed,PCD 26-02A,JUN 2026 (DEVIATION)
MSFC 52.210-91,,L,MSFC 52.210-91,"Nov 15, 2024 2:26 PM",'-,other,not in PCD 26-03B matrix (verify),,,,,,
MSFC 52.211-90,,F,MSFC 52.211-90,"Nov 15, 2024 2:29 PM",'-,other,not in PCD 26-03B matrix (verify),,,,,,
MSFC 52.211-92,,L,MSFC 52.211-92,"Nov 15, 2024 2:30 PM",'-,other,not in PCD 26-03B matrix (verify),,,,,,
MSFC 52.211-94,,F,MSFC 52.211-94,"Nov 15, 2024 2:31 PM",'-,other,not in PCD 26-03B matrix (verify),,,,,,
MSFC 52.215-90,,L,MSFC 52.215-90,"Nov 15, 2024 2:32 PM",'-,other,not in PCD 26-03B matrix (verify),,,,,,
MSFC 52.215-91,,L,MSFC 52.215-91,"Jan 28, 2025 12:54 PM",'-,other,not in PCD 26-03B matrix (verify),,,,,,
MSFC 52.215-92,,L,MSFC 52.215-92,"Nov 15, 2024 2:35 PM",'-,other,not in PCD 26-03B matrix (verify),,,,,,
MSFC 52.216-91,,B,MSFC 52.216-91,"May 5, 2025 12:29 PM",'-,other,not in PCD 26-03B matrix (verify),,,,,,
MSFC 52.216-92,,B,MSFC 52.216-92,"Jan 28, 2025 12:54 PM",'-,other,not in PCD 26-03B matrix (verify),,,,,,
MSFC 52.209-94,,H,MSFC 52.209-94,"Nov 15, 2024 2:39 PM",'-,other,not in PCD 26-03B matrix (verify),,,,,,
MSFC 52.210-90,,L,MSFC 52.210-90,"Nov 15, 2024 2:43 PM",'-,other,not in PCD 26-03B matrix (verify),,,,,,
MSFC 52.211-93,,C,MSFC 52.211-93,"Nov 15, 2024 2:44 PM",'-,other,not in PCD 26-03B matrix (verify),,,,,,
MSFC 52.213-90,,J,MSFC 52.213-90,"Nov 15, 2024 2:45 PM",'-,other,not in PCD 26-03B matrix (verify),,,,,,
MSFC 52.213-91,,L,MSFC 52.213-91,"Nov 15, 2024 2:46 PM",'-,other,not in PCD 26-03B matrix (verify),,,,,,
MSFC 52.204-91,,G,MSFC 52.204-91,"Aug 16, 2024 9:04 AM",'-,other,not in PCD 26-03B matrix (verify),,,,,,
MSFC 52.209-90,,L,MSFC 52.209-90,"Nov 15, 2024 2:46 PM",'-,other,not in PCD 26-03B matrix (verify),,,,,,
MSFC 52.209-91,,H,MSFC 52.209-91,"Nov 15, 2024 2:48 PM",'-,other,not in PCD 26-03B matrix (verify),,,,,,
MSFC 52.209-92,,H,MSFC 52.209-92,"Nov 15, 2024 2:49 PM",'-,other,not in PCD 26-03B matrix (verify),,,,,,
MSFC 52.216-90,,B,MSFC 52.216-90,"Jan 27, 2025 10:50 AM",'-,other,not in PCD 26-03B matrix (verify),,,,,,
MSFC 52.222-90,,B,MSFC 52.222-90,"Nov 15, 2024 2:53 PM",'-,other,not in PCD 26-03B matrix (verify),,,,,,
MSFC 52.223-90,,H,MSFC 52.223-90,"Nov 15, 2024 2:54 PM",'-,other,not in PCD 26-03B matrix (verify),,,,,,
MSFC 52.223-91,,H,MSFC 52.223-91,"Nov 15, 2024 2:55 PM",'-,other,not in PCD 26-03B matrix (verify),,,,,,
MSFC 52.223-96,,H,MSFC 52.223-96,"Aug 28, 2025 1:20 PM",'-,other,not in PCD 26-03B matrix (verify),,,,,,
MSFC 52.223-97,,H,MSFC 52.223-97,"Nov 19, 2024 9:49 AM",'-,other,not in PCD 26-03B matrix (verify),,,,,,
MSFC 52.227-91,,B,MSFC 52.227-91,"Nov 15, 2024 2:59 PM",'-,other,not in PCD 26-03B matrix (verify),,,,,,
MSFC 52.232-90,,I,MSFC 52.232-90,"Nov 15, 2024 3:00 PM",'-,other,not in PCD 26-03B matrix (verify),,,,,,
MSFC 52.232-92,,B,MSFC 52.232-92,"Jan 28, 2025 12:55 PM",'-,other,not in PCD 26-03B matrix (verify),,,,,,
MSFC 52.236-91,,L,MSFC 52.236-91,"Nov 15, 2024 3:04 PM",'-,other,not in PCD 26-03B matrix (verify),,,,,,
MSFC 52.237-91,,F,MSFC 52.237-91,"Nov 15, 2024 3:05 PM",'-,other,not in PCD 26-03B matrix (verify),,,,,,
MSFC 52.237-92,,B,MSFC 52.237-92,"Nov 15, 2024 3:07 PM",'-,other,not in PCD 26-03B matrix (verify),,,,,,
MSFC 52.242-90,,B,MSFC 52.242-90,"Nov 15, 2024 3:08 PM",'-,other,not in PCD 26-03B matrix (verify),,,,,,
MSFC 52.246-90,,I,MSFC 52.246-90,"Nov 15, 2024 3:10 PM",'-,other,not in PCD 26-03B matrix (verify),,,,,,
MSFC 52.247-90,,F,MSFC 52.247-90,"Nov 15, 2024 3:11 PM",'-,other,not in PCD 26-03B matrix (verify),,,,,,
MSFC 52.253-90,,L,MSFC 52.253-90,"Nov 15, 2024 3:13 PM",'-,other,not in PCD 26-03B matrix (verify),,,,,,
GRC 52.237-92,,I,GRC 52.237-92,"Feb 21, 2025 3:01 PM",'-,other,not in PCD 26-03B matrix (verify),,,,,,
GRC 52.242-96,,G,GRC 52.242-96,"Aug 1, 2025 9:23 AM",'-,other,not in PCD 26-03B matrix (verify),,,,,,
GRC 52.243-90,,I,GRC 52.243-90,"Nov 18, 2024 11:46 AM",'-,other,not in PCD 26-03B matrix (verify),,,,,,
GRC 52.244-2,,I,GRC 52.244-2,"Nov 18, 2024 11:46 AM",'-,other,not in PCD 26-03B matrix (verify),,,,,,
GRC 52.244-92,,H,GRC 52.244-92,"Feb 21, 2025 3:04 PM",'-,other,not in PCD 26-03B matrix (verify),,,,,,
GRC 1852.245-74,,G,GRC 1852.245-74,"Aug 1, 2025 9:38 AM",'-,other,not in PCD 26-03B matrix (verify),,,,,,
GRC 52.245-99,,G,GRC 52.245-99,"Aug 1, 2025 10:29 AM",'-,other,not in PCD 26-03B matrix (verify),,,,,,
GRC 52.245-100,,G,GRC 52.245-100,"Nov 18, 2024 11:46 AM",'-,other,not in PCD 26-03B matrix (verify),,,,,,
GRC 52.246-92,,E,GRC 52.246-92,"Feb 21, 2025 3:05 PM",'-,other,not in PCD 26-03B matrix (verify),,,,,,
GRC 52.255-90,,C,GRC 52.255-90,"May 18, 2026 2:10 PM",'-,other,not in PCD 26-03B matrix (verify),,,,,,
GRC 52.255-91,,C,GRC 52.255-91,"Feb 21, 2025 3:06 PM",'-,other,not in PCD 26-03B matrix (verify),,,,,,
GRC 52.255-92,,C,GRC 52.255-92,"Feb 21, 2025 3:06 PM",'-,other,not in PCD 26-03B matrix (verify),,,,,,
GRC 52.255-93,,C,GRC 52.255-93,"Feb 21, 2025 3:06 PM",'-,other,not in PCD 26-03B matrix (verify),,,,,,
JSC 52.204-92,,G,JSC 52.204-92,"Apr 15, 2025 1:15 PM",'-,other,not in PCD 26-03B matrix (verify),,,,,,
JSC 52.215-107,,L,JSC 52.215-107,"Nov 18, 2024 12:47 PM",'-,other,not in PCD 26-03B matrix (verify),,,,,,
JSC 52.215-109,,L,JSC 52.215-109,"Nov 18, 2024 12:52 PM",'-,other,not in PCD 26-03B matrix (verify),,,,,,
JSC 52.215-110,,M,JSC 52.215-110,"Nov 18, 2024 12:54 PM",'-,other,not in PCD 26-03B matrix (verify),,,,,,
JSC 52.215-111,,M,JSC 52.215-111,"Nov 18, 2024 12:55 PM",'-,other,not in PCD 26-03B matrix (verify),,,,,,
JSC 52.215-113,,L,JSC 52.215-113,"Nov 18, 2024 12:57 PM",'-,other,not in PCD 26-03B matrix (verify),,,,,,
JSC 52.215-114,,L,JSC 52.215-114,"Nov 18, 2024 1:06 PM",'-,other,not in PCD 26-03B matrix (verify),,,,,,
JSC 52.215-115,,M,JSC 52.215-115,"Nov 18, 2024 1:22 PM",'-,other,not in PCD 26-03B matrix (verify),,,,,,
JSC 52.215-122,,M,JSC 52.215-122,"Nov 18, 2024 1:42 PM",'-,other,not in PCD 26-03B matrix (verify),,,,,,
JSC 52.215-123,,L,JSC 52.215-123,"Nov 18, 2024 1:46 PM",'-,other,not in PCD 26-03B matrix (verify),,,,,,
JSC 52.215-124,,L,JSC 52.215-124,"Nov 18, 2024 1:49 PM",'-,other,not in PCD 26-03B matrix (verify),,,,,,
JSC 52.215-125,,L,JSC 52.215-125,"Nov 18, 2024 1:55 PM",'-,other,not in PCD 26-03B matrix (verify),,,,,,
JSC 52.215-126,,L,JSC 52.215-126,"Nov 18, 2024 1:57 PM",'-,other,not in PCD 26-03B matrix (verify),,,,,,
JSC 52.216-90,,B,JSC 52.216-90,"Apr 29, 2025 2:39 PM",'-,other,not in PCD 26-03B matrix (verify),,,,,,
JSC 52.216-91,,H,JSC 52.216-91,"Nov 18, 2024 2:02 PM",'-,other,not in PCD 26-03B matrix (verify),,,,,,
JSC 52.219-90,,H,JSC 52.219-90,"Nov 18, 2024 2:04 PM",'-,other,not in PCD 26-03B matrix (verify),,,,,,
JSC 52.223-94,,H,JSC 52.223-94,"Jul 11, 2025 6:22 PM",'-,other,not in PCD 26-03B matrix (verify),,,,,,
JSC 1852.231-71,,L,JSC 1852.231-71,"Nov 18, 2024 12:44 PM",'-,other,not in PCD 26-03B matrix (verify),,,,,,
JSC 52.242-90,,L,JSC 52.242-90,"Mar 10, 2025 12:07 PM",'-,other,not in PCD 26-03B matrix (verify),,,,,,
JSC 52.247-95,,F,JSC 52.247-95,"Nov 18, 2024 2:09 PM",'-,other,not in PCD 26-03B matrix (verify),,,,,,
LARC 52.201-90,,B,LARC 52.201-90,"Nov 18, 2024 6:12 PM",'-,other,not in PCD 26-03B matrix (verify),,,,,,
LARC 52.204-91,,H,LARC 52.204-91,"Nov 18, 2024 7:23 PM",'-,other,not in PCD 26-03B matrix (verify),,,,,,
LARC 52.204-92,,H,LARC 52.204-92,"Sep 16, 2025 12:49 PM",'-,other,not in PCD 26-03B matrix (verify),,,,,,
LARC 52.204-106,,H,LARC 52.204-106,"Feb 11, 2026 12:03 PM",'-,other,not in PCD 26-03B matrix (verify),,,,,,
LARC 52.211-96,,F,LARC 52.211-96,"Nov 18, 2024 7:26 PM",'-,other,not in PCD 26-03B matrix (verify),,,,,,
LARC 52.211-97,,C,LARC 52.211-97,"Nov 18, 2024 7:27 PM",'-,other,not in PCD 26-03B matrix (verify),,,,,,
LARC 52.211-104,,H,LARC 52.211-104,"Nov 18, 2024 7:25 PM",'-,other,not in PCD 26-03B matrix (verify),,,,,,
LARC 52.213-90,,G,LARC 52.213-90,"Nov 18, 2024 7:28 PM",'-,other,not in PCD 26-03B matrix (verify),,,,,,
LARC 52.215-116,,H,LARC 52.215-116,"Feb 24, 2026 1:29 PM",'-,other,not in PCD 26-03B matrix (verify),,,,,,
LARC 1852.216-74,,B,LARC 1852.216-74,"Nov 18, 2024 7:06 PM",'-,other,not in PCD 26-03B matrix (verify),,,,,,
LARC 52.216-90,,B,LARC 52.216-90,"Sep 16, 2025 12:22 PM",'-,other,not in PCD 26-03B matrix (verify),,,,,,
LARC 52.216-97,,H,LARC 52.216-97,"Nov 18, 2024 6:12 PM",'-,other,not in PCD 26-03B matrix (verify),,,,,,
LARC 52.217-96,,F,LARC 52.217-96,"Jan 28, 2025 12:51 PM",'-,other,not in PCD 26-03B matrix (verify),,,,,,
LARC 52.217-97,,B,LARC 52.217-97,"Jan 28, 2025 12:51 PM",'-,other,not in PCD 26-03B matrix (verify),,,,,,
LARC 52.222-42,,I,LARC 52.222-42,"Nov 18, 2024 7:41 PM",'-,other,not in PCD 26-03B matrix (verify),,,,,,
LARC 52.223-91,,H,LARC 52.223-91,"Nov 18, 2024 6:12 PM",'-,other,not in PCD 26-03B matrix (verify),,,,,,
LARC 52.223-92,,H,LARC 52.223-92,"Sep 16, 2025 12:55 PM",'-,other,not in PCD 26-03B matrix (verify),,,,,,
LARC 52.223-93,,H,LARC 52.223-93,"Nov 18, 2024 6:12 PM",'-,other,not in PCD 26-03B matrix (verify),,,,,,
LARC 52.223-94,,H,LARC 52.223-94,"Nov 18, 2024 6:12 PM",'-,other,not in PCD 26-03B matrix (verify),,,,,,
LARC 52.224-03,,H,LARC 52.224-03,"Nov 18, 2024 7:44 PM",'-,other,not in PCD 26-03B matrix (verify),,,,,,
LARC 52.227-90,,H,LARC 52.227-90,"Nov 18, 2024 7:45 PM",'-,other,not in PCD 26-03B matrix (verify),,,,,,
LARC 52.227-96,,H,LARC 52.227-96,"Jan 15, 2025 11:48 AM",'-,other,not in PCD 26-03B matrix (verify),,,,,,
LARC 52.229-92,,H,LARC 52.229-92,"Nov 18, 2024 6:12 PM",'-,other,not in PCD 26-03B matrix (verify),,,,,,
LARC 52.242-70,,H,LARC 52.242-70,"Nov 18, 2024 6:12 PM",'-,other,not in PCD 26-03B matrix (verify),,,,,,
LARC 52.242-71,,H,LARC 52.242-71,"Nov 18, 2024 7:49 PM",'-,other,not in PCD 26-03B matrix (verify),,,,,,
LARC 1852.245-71,,G,LARC 1852.245-71,"Nov 18, 2024 7:15 PM",'-,other,not in PCD 26-03B matrix (verify),,,,,,
LARC 1852.245-73,,G,LARC 1852.245-73,"Sep 19, 2025 7:23 AM",'-,other,not in PCD 26-03B matrix (verify),,,,,,
LARC 1852.245-74,,D,LARC 1852.245-74,"Nov 18, 2024 7:16 PM",'-,other,not in PCD 26-03B matrix (verify),,,,,,
LARC 52.245-90,,G,LARC 52.245-90,"Nov 18, 2024 7:50 PM",'-,other,not in PCD 26-03B matrix (verify),,,,,,
LARC 52.245-98,,H,LARC 52.245-98,"Nov 18, 2024 7:51 PM",'-,other,not in PCD 26-03B matrix (verify),,,,,,
LARC 52.246-97,,H,LARC 52.246-97,"Sep 15, 2025 12:10 PM",'-,other,not in PCD 26-03B matrix (verify),,,,,,
LARC 52.246-99,,H,LARC 52.246-99,"Sep 15, 2025 12:10 PM",'-,other,not in PCD 26-03B matrix (verify),,,,,,
LARC 52.246-104,,H,LARC 52.246-104,"Sep 15, 2025 12:11 PM",'-,other,not in PCD 26-03B matrix (verify),,,,,,
LARC 52.246-105,,H,LARC 52.246-105,"Sep 15, 2025 12:12 PM",'-,other,not in PCD 26-03B matrix (verify),,,,,,
LARC 52.246-108,,H,LARC 52.246-108,"Feb 13, 2026 11:24 AM",'-,other,not in PCD 26-03B matrix (verify),,,,,,
LARC 52.246-112,,H,LARC 52.246-112,"Sep 15, 2025 12:14 PM",'-,other,not in PCD 26-03B matrix (verify),,,,,,
LARC 52.246-113,,L,LARC 52.246-113,"Nov 18, 2024 8:13 PM",'-,other,not in PCD 26-03B matrix (verify),,,,,,
LARC 52.246-115,,D,LARC 52.246-115,"Nov 18, 2024 6:12 PM",'-,other,not in PCD 26-03B matrix (verify),,,,,,
LARC 52.246-117,,D,LARC 52.246-117,"Nov 18, 2024 6:12 PM",'-,other,not in PCD 26-03B matrix (verify),,,,,,
LARC 1852.247-73,,F,LARC 1852.247-73,"Nov 18, 2024 7:17 PM",'-,other,not in PCD 26-03B matrix (verify),,,,,,
LARC 52.210-105,,J,LARC 52.210-105,"Sep 15, 2025 12:07 PM",'-,other,not in PCD 26-03B matrix (verify),,,,,,
GSFC 52.204-99,,H,GSFC 52.204-99,"Sep 10, 2026 11:45 AM",'-,other,not in PCD 26-03B matrix (verify),,,,,,
GSFC 52.211-90,,B,GSFC 52.211-90,"Sep 10, 2026 1:21 PM",'-,other,not in PCD 26-03B matrix (verify),,,,,,
GSFC 52.211-91,,C,GSFC 52.211-91,"Sep 10, 2026 11:21 AM",'-,other,not in PCD 26-03B matrix (verify),,,,,,
GSFC 52.211-95,,H,GSFC 52.211-95,"Sep 10, 2026 11:48 AM",'-,other,not in PCD 26-03B matrix (verify),,,,,,
GSFC 52.211-100,,H,GSFC 52.211-100,"Sep 10, 2026 11:49 AM",'-,other,not in PCD 26-03B matrix (verify),,,,,,
GSFC 52.211-101,,J,GSFC 52.211-101,"Jul 22, 2026 10:58 AM",'-,other,not in PCD 26-03B matrix (verify),,,,,,
GSFC 52.215-201,,L,GSFC 52.215-201,"Sep 10, 2026 1:27 PM",'-,other,not in PCD 26-03B matrix (verify),,,,,,
GSFC 52.215-202,,L,GSFC 52.215-202,"Sep 10, 2026 1:27 PM",'-,other,not in PCD 26-03B matrix (verify),,,,,,
GSFC 52.215-204,,L,GSFC 52.215-204,"Sep 10, 2026 1:28 PM",'-,other,not in PCD 26-03B matrix (verify),,,,,,
GSFC 52.215-227,,L,GSFC 52.215-227,"Sep 10, 2026 1:33 PM",'-,other,not in PCD 26-03B matrix (verify),,,,,,
GSFC 52.215-300,,M,GSFC 52.215-300,"Sep 10, 2026 2:10 PM",'-,other,not in PCD 26-03B matrix (verify),,,,,,
GSFC 52.215-321,,M,GSFC 52.215-321,"Sep 10, 2026 2:00 PM",'-,other,not in PCD 26-03B matrix (verify),,,,,,
GSFC 52.215-322,,M,GSFC 52.215-322,"Sep 10, 2026 2:13 PM",'-,other,not in PCD 26-03B matrix (verify),,,,,,
GSFC 52.215-323,,M,GSFC 52.215-323,"Sep 10, 2026 2:14 PM",'-,other,not in PCD 26-03B matrix (verify),,,,,,
GSFC 52.215-324,,M,GSFC 52.215-324,"Sep 10, 2026 2:14 PM",'-,other,not in PCD 26-03B matrix (verify),,,,,,
GSFC 52.215-325,,M,GSFC 52.215-325,"Sep 10, 2026 3:37 PM",'-,other,not in PCD 26-03B matrix (verify),,,,,,
GSFC 52.215-326,,M,GSFC 52.215-326,"Sep 10, 2026 3:40 PM",'-,other,not in PCD 26-03B matrix (verify),,,,,,
GSFC 52.215-327,,M,GSFC 52.215-327,"Sep 10, 2026 3:46 PM",'-,other,not in PCD 26-03B matrix (verify),,,,,,
GSFC 52.215-330,,M,GSFC 52.215-330,"Sep 10, 2026 2:15 PM",'-,other,not in PCD 26-03B matrix (verify),,,,,,
GSFC 52.215-331,,M,GSFC 52.215-331,"Sep 10, 2026 2:16 PM",'-,other,not in PCD 26-03B matrix (verify),,,,,,
GSFC 52.216-90,,B,GSFC 52.216-90,"Sep 10, 2026 10:58 AM",'-,other,not in PCD 26-03B matrix (verify),,,,,,
GSFC 52.216-91,,B,GSFC 52.216-91,"Sep 10, 2026 10:59 AM",'-,other,not in PCD 26-03B matrix (verify),,,,,,
GSFC 52.216-92,,B,GSFC 52.216-92,"Sep 10, 2026 11:06 AM",'-,other,not in PCD 26-03B matrix (verify),,,,,,
GSFC 52.216-93,,B,GSFC 52.216-93,"Sep 10, 2026 11:07 AM",'-,other,not in PCD 26-03B matrix (verify),,,,,,
GSFC 52.216-94,,B,GSFC 52.216-94,"Apr 17, 2025 11:27 AM",'-,other,not in PCD 26-03B matrix (verify),,,,,,
GSFC 52.216-95,,B,GSFC 52.216-95,"Sep 10, 2026 11:08 AM",'-,other,not in PCD 26-03B matrix (verify),,,,,,
GSFC 52.216-96,,B,GSFC 52.216-96,"Sep 10, 2026 11:09 AM",'-,other,not in PCD 26-03B matrix (verify),,,,,,
GSFC 52.216-97,,B,GSFC 52.216-97,"Sep 10, 2026 11:10 AM",'-,other,not in PCD 26-03B matrix (verify),,,,,,
GSFC 52.216-100,,G,GSFC 52.216-100,"Sep 10, 2026 11:33 AM",'-,other,not in PCD 26-03B matrix (verify),,,,,,
GSFC 52.216-101,,B,GSFC 52.216-101,"Sep 10, 2026 11:11 AM",'-,other,not in PCD 26-03B matrix (verify),,,,,,
GSFC 52.216-102,,B,GSFC 52.216-102,"Sep 10, 2026 11:12 AM",'-,other,not in PCD 26-03B matrix (verify),,,,,,
GSFC 52.217-90,,B,GSFC 52.217-90,"Sep 10, 2026 11:13 AM",'-,other,not in PCD 26-03B matrix (verify),,,,,,
GSFC 52.217-91,,B,GSFC 52.217-91,"Sep 10, 2026 11:14 AM",'-,other,not in PCD 26-03B matrix (verify),,,,,,
GSFC 52.217-92,,F,GSFC 52.217-92,"Sep 10, 2026 11:29 AM",'-,other,not in PCD 26-03B matrix (verify),,,,,,
GSFC 52.219-90,,H,GSFC 52.219-90,"Sep 10, 2026 11:50 AM",'-,other,not in PCD 26-03B matrix (verify),,,,,,
GSFC 52.222-42,,I,GSFC 52.222-42,"Jan 28, 2025 12:34 PM",'-,other,not in PCD 26-03B matrix (verify),,,,,,
GSFC 52.223-91,,H,GSFC 52.223-91,"Sep 10, 2026 11:51 AM",'-,other,not in PCD 26-03B matrix (verify),,,,,,
GSFC 52.223-92,,H,GSFC 52.223-92,"Sep 10, 2026 11:52 AM",'-,other,not in PCD 26-03B matrix (verify),,,,,,
GSFC 52.227-90,,C,GSFC 52.227-90,"Sep 10, 2026 11:22 AM",'-,other,not in PCD 26-03B matrix (verify),,,,,,
GSFC 52.227-93,,H,GSFC 52.227-93,"Apr 17, 2025 11:57 AM",'-,other,not in PCD 26-03B matrix (verify),,,,,,
GSFC 52.227-99,,H,GSFC 52.227-99,"Apr 17, 2025 11:57 AM",'-,other,not in PCD 26-03B matrix (verify),,,,,,
GSFC 52.231-90,,B,GSFC 52.231-90,"Sep 10, 2026 11:15 AM",'-,other,not in PCD 26-03B matrix (verify),,,,,,
GSFC 52.232-90,,G,GSFC 52.232-90,"Sep 10, 2026 11:34 AM",'-,other,not in PCD 26-03B matrix (verify),,,,,,
GSFC 52.232-94,,B,GSFC 52.232-94,"Sep 10, 2026 11:20 AM",'-,other,not in PCD 26-03B matrix (verify),,,,,,
GSFC 52.232-95,,G,GSFC 52.232-95,"Sep 10, 2026 11:35 AM",'-,other,not in PCD 26-03B matrix (verify),,,,,,
GSFC 52.232-98,,G,GSFC 52.232-98,"Sep 10, 2026 11:37 AM",'-,other,not in PCD 26-03B matrix (verify),,,,,,
GSFC 52.233-2,,L,GSFC 52.233-2,"Sep 10, 2026 1:34 PM",'-,other,not in PCD 26-03B matrix (verify),,,,,,
GSFC 52.235-90,,C,GSFC 52.235-90,"Sep 10, 2026 11:23 AM",'-,other,not in PCD 26-03B matrix (verify),,,,,,
GSFC 52.235-91,,C,GSFC 52.235-91,"Sep 10, 2026 11:24 AM",'-,other,not in PCD 26-03B matrix (verify),,,,,,
GSFC 52.235-92,,C,GSFC 52.235-92,"Sep 10, 2026 11:25 AM",'-,other,not in PCD 26-03B matrix (verify),,,,,,
GSFC 52.236-13,,H,GSFC 52.236-13,"Sep 10, 2026 11:53 AM",'-,other,not in PCD 26-03B matrix (verify),,,,,,
GSFC 52.237-92,,F,GSFC 52.237-92,"Sep 10, 2026 11:30 AM",'-,other,not in PCD 26-03B matrix (verify),,,,,,
GSFC 52.237-96,,H,GSFC 52.237-96,"Sep 10, 2026 11:54 AM",'-,other,not in PCD 26-03B matrix (verify),,,,,,
GSFC 52.242-90,,G,GSFC 52.242-90,"Sep 10, 2026 11:38 AM",'-,other,not in PCD 26-03B matrix (verify),,,,,,
GSFC 52.243-90,,H,GSFC 52.243-90,"Sep 10, 2026 11:55 AM",'-,other,not in PCD 26-03B matrix (verify),,,,,,
GSFC 52.243-91,,H,GSFC 52.243-91,"Sep 10, 2026 11:56 AM",'-,other,not in PCD 26-03B matrix (verify),,,,,,
GSFC 52.243-93,,H,GSFC 52.243-93,"Sep 10, 2026 12:01 PM",'-,other,not in PCD 26-03B matrix (verify),,,,,,
GSFC 52.245-91,,G,GSFC 52.245-91,"Sep 10, 2026 11:39 AM",'-,other,not in PCD 26-03B matrix (verify),,,,,,
GSFC 52.245-93,,G,GSFC 52.245-93,"Sep 10, 2026 11:41 AM",'-,other,not in PCD 26-03B matrix (verify),,,,,,
GSFC 52.245-94,,G,GSFC 52.245-94,"Sep 10, 2026 11:41 AM",'-,other,not in PCD 26-03B matrix (verify),,,,,,
GSFC 52.245-96,,G,GSFC 52.245-96,"Sep 10, 2026 11:42 AM",'-,other,not in PCD 26-03B matrix (verify),,,,,,
GSFC 52.245-98,,G,GSFC 52.245-98,"Sep 10, 2026 11:43 AM",'-,other,not in PCD 26-03B matrix (verify),,,,,,
GSFC 52.245-99,,G,GSFC 52.245-99,"Sep 10, 2026 11:44 AM",'-,other,not in PCD 26-03B matrix (verify),,,,,,
GSFC 52.246-92,,E,GSFC 52.246-92,"Apr 17, 2025 11:39 AM",'-,other,not in PCD 26-03B matrix (verify),,,,,,
GSFC 52.246-93,,E,GSFC 52.246-93,"Sep 10, 2026 11:26 AM",'-,other,not in PCD 26-03B matrix (verify),,,,,,
GSFC 52.246-94,,E,GSFC 52.246-94,"Sep 10, 2026 11:27 AM",'-,other,not in PCD 26-03B matrix (verify),,,,,,
GSFC 52.246-102,,E,GSFC 52.246-102,"Sep 10, 2026 11:28 AM",'-,other,not in PCD 26-03B matrix (verify),,,,,,
GSFC 52.247-94,,F,GSFC 52.247-94,"Sep 10, 2026 11:31 AM",'-,other,not in PCD 26-03B matrix (verify),,,,,,
GSFC 52.247-95,,F,GSFC 52.247-95,"Sep 10, 2026 11:32 AM",'-,other,not in PCD 26-03B matrix (verify),,,,,,
GSFC 52.251-90,,H,GSFC 52.251-90,"Jul 22, 2026 12:23 PM",'-,other,not in PCD 26-03B matrix (verify),,,,,,
GSFC 52.215-203,,L,GSFC 52.215-203,"Sep 10, 2026 1:35 PM",'-,other,not in PCD 26-03B matrix (verify),,,,,,
GSFC 52.215-210,,L,GSFC 52.215-210,"Sep 10, 2026 1:44 PM",'-,other,not in PCD 26-03B matrix (verify),,,,,,
GSFC 52.215-220,,L,GSFC 52.215-220,"Sep 10, 2026 1:45 PM",'-,other,not in PCD 26-03B matrix (verify),,,,,,
GSFC 52.215-221,,L,GSFC 52.215-221,"Sep 10, 2026 1:48 PM",'-,other,not in PCD 26-03B matrix (verify),,,,,,
GSFC 52.215-222,,L,GSFC 52.215-222,"Sep 10, 2026 1:50 PM",'-,other,not in PCD 26-03B matrix (verify),,,,,,
GSFC 52.215-223,,L,GSFC 52.215-223,"Sep 10, 2026 1:56 PM",'-,other,not in PCD 26-03B matrix (verify),,,,,,
GSFC 52.215-224,,L,GSFC 52.215-224,"Sep 10, 2026 1:58 PM",'-,other,not in PCD 26-03B matrix (verify),,,,,,
GSFC 52.215-225,,L,GSFC 52.215-225,"Sep 10, 2026 2:48 PM",'-,other,not in PCD 26-03B matrix (verify),,,,,,
GSFC 52.215-226,,L,GSFC 52.215-226,"Sep 10, 2026 3:25 PM",'-,other,not in PCD 26-03B matrix (verify),,,,,,
GSFC 52.215-230,,L,GSFC 52.215-230,"Sep 10, 2026 1:59 PM",'-,other,not in PCD 26-03B matrix (verify),,,,,,
GSFC 52.215-231,,L,GSFC 52.215-231,"Sep 1, 2026 4:42 PM",'-,other,not in PCD 26-03B matrix (verify),,,,,,
GSFC 52.215-311,,L,GSFC 52.215-311,"Sep 10, 2026 2:09 PM",'-,other,not in PCD 26-03B matrix (verify),,,,,,
GSFC 52.227-14,,I,GSFC 52.227-14,"Sep 10, 2026 1:18 PM",'-,other,not in PCD 26-03B matrix (verify),,,,,,
GSFC 52.227-14,,I,GSFC 52.227-14,"Apr 17, 2025 11:54 AM",'-,other,not in PCD 26-03B matrix (verify),,,,,,
52.247-69,,I,47.405,"Jan 17, 2025 3:21 AM","Jan 17, 2025 3:21 AM",FAR,no change (PCD 26-03B),,,,No Change,52.247-69,2025-01-01 00:00:00
GCAT 1.1.1,,I,GCAT 1.1.1,"Jun 15, 2026 12:52 PM",'-,other,not in PCD 26-03B matrix (verify),,,,,,
GCAT 1.1.2,,I,GCAT 1.1.2,"Jun 15, 2026 12:52 PM",'-,other,not in PCD 26-03B matrix (verify),,,,,,
GCAT 1.1.3,,I,GCAT 1.1.3,"Jun 15, 2026 12:52 PM",'-,other,not in PCD 26-03B matrix (verify),,,,,,
GCAT 1.1.4,,I,GCAT 1.1.4,"Jun 15, 2026 12:53 PM",'-,other,not in PCD 26-03B matrix (verify),,,,,,
GCAT 1.1.5,,I,GCAT 1.1.5,"Jun 15, 2026 12:53 PM",'-,other,not in PCD 26-03B matrix (verify),,,,,,
GCAT 1.1.6,,I,GCAT 1.1.6,"Jun 15, 2026 12:53 PM",'-,other,not in PCD 26-03B matrix (verify),,,,,,
GCAT 1.1.7,,I,GCAT 1.1.7,"Jun 15, 2026 12:53 PM",'-,other,not in PCD 26-03B matrix (verify),,,,,,
GCAT 1.1.8,,I,GCAT 1.1.8,"Jun 15, 2026 12:54 PM",'-,other,not in PCD 26-03B matrix (verify),,,,,,
GCAT 1.1.9,,I,GCAT 1.1.9,"Jun 15, 2026 12:54 PM",'-,other,not in PCD 26-03B matrix (verify),,,,,,
GCAT 1.1.10,,I,GCAT 1.1.10,"Jun 15, 2026 12:54 PM",'-,other,not in PCD 26-03B matrix (verify),,,,,,
GCAT 1.2.1,,I,GCAT 1.2.1,"Jun 15, 2026 12:54 PM",'-,other,not in PCD 26-03B matrix (verify),,,,,,
GCAT 1.2.2,,I,GCAT 1.2.2,"Jun 15, 2026 12:54 PM",'-,other,not in PCD 26-03B matrix (verify),,,,,,
GCAT 1.2.3,,I,GCAT 1.2.3,"Jun 15, 2026 12:55 PM",'-,other,not in PCD 26-03B matrix (verify),,,,,,
GCAT 1.2.4,,I,GCAT 1.2.4,"Jun 15, 2026 12:55 PM",'-,other,not in PCD 26-03B matrix (verify),,,,,,
GCAT 1.2.5,,I,GCAT 1.2.5,"Jun 15, 2026 12:55 PM",'-,other,not in PCD 26-03B matrix (verify),,,,,,
GCAT 1.2.6,,I,GCAT 1.2.6,"Jun 15, 2026 12:55 PM",'-,other,not in PCD 26-03B matrix (verify),,,,,,
GCAT 1.2.7,,I,GCAT 1.2.7,"Jun 15, 2026 12:56 PM",'-,other,not in PCD 26-03B matrix (verify),,,,,,
GCAT 1.2.8,,I,GCAT 1.2.8,"Jun 15, 2026 12:56 PM",'-,other,not in PCD 26-03B matrix (verify),,,,,,
GCAT 1.3.1,,I,GCAT 1.3.1,"Jun 15, 2026 12:56 PM",'-,other,not in PCD 26-03B matrix (verify),,,,,,
GCAT 1.3.2,,I,GCAT 1.3.2,"Jun 15, 2026 12:56 PM",'-,other,not in PCD 26-03B matrix (verify),,,,,,
GCAT 1.3.3,,I,GCAT 1.3.3,"Jun 15, 2026 12:57 PM",'-,other,not in PCD 26-03B matrix (verify),,,,,,
GCAT 1.3.5,,I,GCAT 1.3.5,"Jun 15, 2026 12:57 PM",'-,other,not in PCD 26-03B matrix (verify),,,,,,
GCAT 1.3.6,,I,GCAT 1.3.6,"Jun 15, 2026 12:57 PM",'-,other,not in PCD 26-03B matrix (verify),,,,,,
GCAT 1.3.7,,I,GCAT 1.3.7,"Jun 15, 2026 12:58 PM",'-,other,not in PCD 26-03B matrix (verify),,,,,,
GCAT 1.4.1,,I,GCAT 1.4.1,"Jun 15, 2026 12:58 PM",'-,other,not in PCD 26-03B matrix (verify),,,,,,
GCAT 1.4.2,,I,GCAT 1.4.2,"Jun 15, 2026 12:58 PM",'-,other,not in PCD 26-03B matrix (verify),,,,,,
GCAT 1.4.3,,I,GCAT 1.4.3,"Jun 15, 2026 12:58 PM",'-,other,not in PCD 26-03B matrix (verify),,,,,,
GCAT 1.4.4,,I,GCAT 1.4.4,"Jun 15, 2026 12:58 PM",'-,other,not in PCD 26-03B matrix (verify),,,,,,
GCAT 1.4.5,,I,GCAT 1.4.5,"Jun 15, 2026 12:59 PM",'-,other,not in PCD 26-03B matrix (verify),,,,,,
GCAT 1.4.6,,I,GCAT 1.4.6,"Jun 15, 2026 12:59 PM",'-,other,not in PCD 26-03B matrix (verify),,,,,,
GCAT 1.4.7,,I,GCAT 1.4.7,"Jun 15, 2026 1:00 PM",'-,other,not in PCD 26-03B matrix (verify),,,,,,
GCAT 1.4.8,,I,GCAT 1.4.8,"Jun 15, 2026 1:00 PM",'-,other,not in PCD 26-03B matrix (verify),,,,,,
GCAT 1.4.9,,I,GCAT 1.4.9,"Jun 15, 2026 1:00 PM",'-,other,not in PCD 26-03B matrix (verify),,,,,,
GCAT 1.4.10,,I,GCAT 1.4.10,"Jun 15, 2026 1:01 PM",'-,other,not in PCD 26-03B matrix (verify),,,,,,
GCAT 1.5.1,,I,GCAT 1.5.1,"Jun 15, 2026 1:02 PM",'-,other,not in PCD 26-03B matrix (verify),,,,,,
GCAT 1.5.2,,I,GCAT 1.5.2,"Jun 15, 2026 1:03 PM",'-,other,not in PCD 26-03B matrix (verify),,,,,,
GCAT 1.5.3,,I,GCAT 1.5.3,"Jun 15, 2026 1:03 PM",'-,other,not in PCD 26-03B matrix (verify),,,,,,
GCAT 1.5.4,,I,GCAT 1.5.4,"Jun 15, 2026 1:03 PM",'-,other,not in PCD 26-03B matrix (verify),,,,,,
GCAT 1.5.5,,I,GCAT 1.5.5,"Jun 15, 2026 1:04 PM",'-,other,not in PCD 26-03B matrix (verify),,,,,,
GCAT 1.5.6,,I,GCAT 1.5.6,"Jun 15, 2026 1:04 PM",'-,other,not in PCD 26-03B matrix (verify),,,,,,
GCAT 1.5.7,,I,GCAT 1.5.7,"Jun 15, 2026 1:05 PM",'-,other,not in PCD 26-03B matrix (verify),,,,,,
GCAT 1.5.8,,I,GCAT 1.5.8,"Jun 15, 2026 1:05 PM",'-,other,not in PCD 26-03B matrix (verify),,,,,,
GCAT 1.5.9,,I,GCAT 1.5.9,"Jun 15, 2026 1:05 PM",'-,other,not in PCD 26-03B matrix (verify),,,,,,
GCAT 1.5.10,,I,GCAT 1.5.10,"Jun 15, 2026 1:05 PM",'-,other,not in PCD 26-03B matrix (verify),,,,,,
GCAT 2.1,,I,GCAT 2.1,"Jun 15, 2026 1:06 PM",'-,other,not in PCD 26-03B matrix (verify),,,,,,
GCAT 2.2,,I,GCAT 2.2,"Jun 15, 2026 1:06 PM",'-,other,not in PCD 26-03B matrix (verify),,,,,,
GCAT 2.3,,I,GCAT 2.3,"Jun 15, 2026 1:06 PM",'-,other,not in PCD 26-03B matrix (verify),,,,,,
GCAT 2.4,,I,GCAT 2.4,"Jun 15, 2026 1:06 PM",'-,other,not in PCD 26-03B matrix (verify),,,,,,
GCAT 2.5,,I,GCAT 2.5,"Jun 15, 2026 1:07 PM",'-,other,not in PCD 26-03B matrix (verify),,,,,,
GCAT 2.6,,I,GCAT 2.6,"Jun 15, 2026 1:07 PM",'-,other,not in PCD 26-03B matrix (verify),,,,,,
52.219-27,,I,19.106-4(a),"Aug 21, 2026 4:40 PM",'-,FAR,updated (PCD 26-03B),,,,Updated,52.219-27,JAN 2026 (PCD 26-03)
52.222-19,,I,22.1502-(a)(2),"Aug 21, 2026 4:47 PM",'-,FAR,updated (PCD 26-03B),,,,Updated,52.222-19,"MAR 2026 (PCD 26-03, FAC 2026-01)"
52.225-3,,I,25.601(b)(1)(i),"Aug 21, 2026 4:13 PM",'-,FAR,updated (PCD 26-03B),,,,Updated,52.225-3,JAN 2026 (PCD 26-03)
52.225-3,,I,25.601(b)(1)(ii),"Aug 21, 2026 4:14 PM",'-,FAR,updated (PCD 26-03B),,,,Updated,52.225-3,JAN 2026 (PCD 26-03)
52.225-3,,I,25.601(b)(1)(iii),"Aug 21, 2026 4:14 PM",'-,FAR,updated (PCD 26-03B),,,,Updated,52.225-3,JAN 2026 (PCD 26-03)
52.225-4,,K,25.601(b)(2)(i),"Aug 21, 2026 4:15 PM",'-,FAR,updated (PCD 26-03B),,,,Updated,52.225-4,JAN 2026 (PCD 26-03)
52.225-11,,I,25.602(c),"Aug 21, 2026 4:16 PM",'-,FAR,updated (PCD 26-03B),,,,Updated,52.225-11,JAN 2026 (PCD 26-03)
52.225-11,,I,25.602(c)(3),"Sep 3, 2026 3:19 PM",'-,FAR,updated (PCD 26-03B),,,,Updated,52.225-11,JAN 2026 (PCD 26-03)
52.227-20,,I,PCD 26-02A,"Aug 25, 2026 4:07 PM",'-,FAR,no change (PCD 26-03B),,,,No Change,52.227-20,2014-05-01 00:00:00
1852.234-1,,L,PCD 25-05A,"Jul 29, 2025 3:52 PM",'-,NFS,active (NFS matrix 7/23/2026),,,,Listed,PCD 25-05A,JUN 2025 (DEVIATION)
1852.234-2,,I,1834.203-70(b),"May 26, 2026 12:12 PM",'-,NFS,active (NFS matrix 7/23/2026),,,,Listed,PCD 25-05A,JUN 2025 (DEVIATION)
1852.225-71,,I,PCD 26-03,"Feb 4, 2026 11:43 AM",'-,NFS,active (NFS matrix 7/23/2026),,,,Listed,PCD 25-54,DEC 2025 (DEVIATION)
1852.225-72,,K,PCD 26-03,"Feb 5, 2026 4:25 PM",'-,NFS,active (NFS matrix 7/23/2026),,,,Listed,PCD 25-55,DEC 2025 (DEVIATION)
52.213-4,,I,13.204(b),"Aug 21, 2026 4:14 PM",'-,FAR,updated (PCD 26-03B),,,,Updated,52.213-4,JAN 2026 (PCD 26-03)
52.222-9,,I,22.402-4(a)(4),"Aug 21, 2026 4:08 PM",'-,FAR,updated (PCD 26-03B),,,,Updated,52.222-9,JAN 2026 (PCD 26-03)
52.244-6,,I,44.403,"Aug 21, 2026 4:43 PM",'-,FAR,updated (PCD 26-03B),,,,Updated,52.244-6,JAN 2026 (PCD 26-03)
52.223-23,,I,23.108(a),"Aug 21, 2026 4:12 PM",'-,FAR,updated (PCD 26-03B),,,,Updated,52.223-23,JAN 2026 (PCD 26-03)
52.223-2,,I,23.108(c)(2),"Aug 21, 2026 4:09 PM",'-,FAR,updated (PCD 26-03B),,,,Updated,52.223-2,JAN 2026 (PCD 26-03)
52.223-1,,K,23.108(c)(1),"Aug 21, 2026 4:09 PM",'-,FAR,updated (PCD 26-03B),,,,Updated,52.223-1,JAN 2026 (PCD 26-03)
NSSC XD041.B001,,B,NSSC XD041.B001,"May 21, 2025 1:18 PM",'-,other,not in PCD 26-03B matrix (verify),,,,,,
NSSC XD041.C001,,C,NSSC XD041.C001,"May 21, 2025 1:49 PM",'-,other,not in PCD 26-03B matrix (verify),,,,,,
NSSC XD041.H001,,H,NSSC XD041.H001,"May 21, 2025 1:52 PM",'-,other,not in PCD 26-03B matrix (verify),,,,,,
NSSC XD041.G002,,G,NSSC XD041.G002,"Jul 31, 2026 3:09 PM",'-,other,not in PCD 26-03B matrix (verify),,,,,,
NSSC XD041.J001,,J,NSSC XD041.J001,"May 21, 2025 2:01 PM",'-,other,not in PCD 26-03B matrix (verify),,,,,,
NSSC XD041.F001,,F,NSSC XD041.F001,"May 21, 2025 2:12 PM",'-,other,not in PCD 26-03B matrix (verify),,,,,,
GCAT 3,,I,GCAT 3,"Jan 7, 2026 5:44 PM",'-,other,not in PCD 26-03B matrix (verify),,,,,,
1852.243-72,,H,PCD 25-07,"Jul 29, 2025 3:53 PM",'-,NFS,active (NFS matrix 7/23/2026),,,,Listed,PCD 25-07,JUL 2025 (DEVIATION)
1852.234-2,,I,1834.203-70(b),"Apr 14, 2026 5:29 PM",'-,NFS,active (NFS matrix 7/23/2026),,,,Listed,PCD 25-05A,JUN 2025 (DEVIATION)
1852.231-70,,I,PCD 25-12,"Aug 20, 2025 9:12 AM",'-,NFS,active (NFS matrix 7/23/2026),,,,Listed,PCD 25-12,AUG 2025 (DEVIATION)
1852.236-71,,L,PCD 25-14,"Aug 20, 2025 9:12 AM",'-,NFS,active (NFS matrix 7/23/2026),,,,Listed,PCD 25-14,AUG 2025 (DEVIATION)
1852.236-72,,L,PCD 25-14,"Aug 20, 2025 9:12 AM",'-,NFS,active (NFS matrix 7/23/2026),,,,Listed,PCD 25-14,AUG 2025 (DEVIATION)
1852.236-73,,I,PCD 25-14,"Aug 20, 2025 9:13 AM",'-,NFS,active (NFS matrix 7/23/2026),,,,Listed,PCD 25-14,AUG 2025 (DEVIATION)
1852.236-75,,H,PCD 25-14,"Aug 20, 2025 9:13 AM",'-,NFS,active (NFS matrix 7/23/2026),,,,Listed,PCD 25-14,AUG 2025 (DEVIATION)
52.227-14 ALT II&III,,I,FAR 27.409(b)(1),"Aug 25, 2025 12:21 PM",'-,FAR,not in PCD 26-03B matrix (verify),,,,,,
1852.235-70,,I,PCD 25-13,"Sep 4, 2026 1:15 PM",'-,NFS,active (NFS matrix 7/23/2026),,,,Listed,PCD 25-13,AUG 2025 (DEVIATION)
1852.235-71,,H,PCD 25-13,"Jan 12, 2026 10:27 AM",'-,NFS,active (NFS matrix 7/23/2026),,,,Listed,PCD 25-13,AUG 2025 (DEVIATION)
1852.235-72,,L,PCD 25-13,"Sep 18, 2025 1:10 PM",'-,NFS,active (NFS matrix 7/23/2026),,,,Listed,PCD 25-13,AUG 2025 (DEVIATION)
1852.235-74,,H,PCD 25-13,"Aug 24, 2026 7:16 PM",'-,NFS,active (NFS matrix 7/23/2026),,,,Listed,PCD 25-13,SEP 2025 (DEVIATION)
1852.235-73,,H,PCD 25-13,"Sep 18, 2025 1:12 PM",'-,NFS,active (NFS matrix 7/23/2026),,,,Listed,PCD 25-13,SEP 2025 (DEVIATION)
1852.235-73,,H,PCD 25-13,"Sep 18, 2025 1:12 PM",'-,NFS,active (NFS matrix 7/23/2026),,,,Listed,PCD 25-13,SEP 2025 (DEVIATION)
1852.235-73,,H,PCD 25-13,"Sep 18, 2025 1:12 PM",'-,NFS,active (NFS matrix 7/23/2026),,,,Listed,PCD 25-13,SEP 2025 (DEVIATION)
1852.235-73,,H,PCD 25-13,"Sep 18, 2025 1:13 PM",'-,NFS,active (NFS matrix 7/23/2026),,,,Listed,PCD 25-13,SEP 2025 (DEVIATION)
1852.240-75,,I,PCD 25-22,"Sep 18, 2025 1:08 PM",'-,NFS,active (NFS matrix 7/23/2026),,,,Listed,PCD 25-22,SEP 2025 (DEVIATION)
1852.240-76,,I,PCD 26-03,"Jun 17, 2026 5:42 PM",'-,NFS,active (NFS matrix 7/23/2026),,,,Listed,PCD 26-03A,JAN 2026 (DEVIATION)
1852.208-81,,H,PCD 25-18,"Dec 10, 2025 3:51 PM",'-,NFS,active (NFS matrix 7/23/2026),,,,Listed,PCD 25-18,SEP 2025 (DEVIATION)
1852.233-70,,L,PCD 25-25,"Dec 10, 2025 3:52 PM",'-,NFS,active (NFS matrix 7/23/2026),,,,Listed,PPD 25-35,SEP 2025 (DEVIATION)
1852.228-71,,H,PCD 25-29,"Dec 10, 2025 3:53 PM",'-,NFS,active (NFS matrix 7/23/2026),,,,Listed,PCD 25-29,SEP 2025 (DEVIATION)
1852.228-80,,L,PCD 25-29,"Dec 10, 2025 3:53 PM",'-,NFS,active (NFS matrix 7/23/2026),,,,Listed,PCD 25-29,SEP 2025 (DEVIATION)
1852.228-81,,I,PCD 25-29,"Dec 10, 2025 3:55 PM",'-,NFS,active (NFS matrix 7/23/2026),,,,Listed,PCD 25-29,SEP 2025 (DEVIATION)
1852.228-82,,I,PCD 25-29,"Dec 10, 2025 3:56 PM",'-,NFS,active (NFS matrix 7/23/2026),,,,Listed,PCD 25-29,SEP 2025 (DEVIATION)
1852.228-70,,H,PCD 25-29,"Dec 10, 2025 3:56 PM",'-,NFS,active (NFS matrix 7/23/2026),,,,Listed,PCD 25-29,SEP 2025 (DEVIATION)
1852.228-75,,I,PCD 25-29,"Dec 10, 2025 3:57 PM",'-,NFS,active (NFS matrix 7/23/2026),,,,Listed,PCD 25-29,SEP 2025 (DEVIATION)
1852.228-76,,H,PCD 25-29,"Dec 10, 2025 3:58 PM",'-,NFS,active (NFS matrix 7/23/2026),,,,Listed,PCD 25-29,SEP 2025 (DEVIATION)
1852.228-78,,H,PCD 25-29,"Apr 30, 2026 1:35 PM",'-,NFS,active (NFS matrix 7/23/2026),,,,Listed,PCD 25-29,SEP 2025 (DEVIATION)
1852.217-71,,I,PCD 25-35,"Dec 10, 2025 3:59 PM",'-,NFS,active (NFS matrix 7/23/2026),,,,Listed,PCD 25-35,SEP 2025 (DEVIATION)
1852.217-72,,I,PCD 25-35,"Dec 10, 2025 4:01 PM",'-,NFS,active (NFS matrix 7/23/2026),,,,Listed,PCD 25-35,SEP 2025 (DEVIATION)
52.208-90,,I,8.105-2(c),"Aug 21, 2026 4:07 PM",'-,FAR,not in PCD 26-03B matrix (verify),,,,,,
52.208-91,,I,8.105-3(c),"Aug 21, 2026 4:07 PM",'-,FAR,not in PCD 26-03B matrix (verify),,,,,,
1852.203-70,,I,PCD 25-34,"Aug 24, 2026 7:14 PM",'-,NFS,active (NFS matrix 7/23/2026),,,,Listed,PCD 25-34,SEP 2025 (DEVIATION)
1852.203-71,,I,PCD 25-34,"Dec 18, 2025 9:11 AM",'-,NFS,active (NFS matrix 7/23/2026),,,,Listed,PCD 25-34,SEP 2025 (DEVIATION)
1852.246-71,,E,PCD 25-26,"Dec 18, 2025 9:12 AM",'-,NFS,active (NFS matrix 7/23/2026),,,,Listed,PCD 25-26,SEP 2025 (DEVIATION)
1852.246-72,,E,PCD 25-26,"Feb 11, 2026 2:23 PM",'-,NFS,active (NFS matrix 7/23/2026),,,,Listed,PCD 25-26,SEP 2025 (DEVIATION)
1852.246-73,,E,PCD 25-26,"Dec 18, 2025 9:13 AM",'-,NFS,active (NFS matrix 7/23/2026),,,,Listed,PCD 25-26,SEP 2025 (DEVIATION)
1852.246-74,,I,PCD 25-26,"Dec 18, 2025 9:15 AM",'-,NFS,active (NFS matrix 7/23/2026),,,,Listed,PCD 25-26,SEP 2025 (DEVIATION)
1852.247-72,,F,1847.305-70(a),"Jan 6, 2026 9:02 AM",'-,NFS,active (NFS matrix 7/23/2026),,,,Listed,PCD 25-42,OCT 1998
1852.247-73,,F,1847.305-70(b),"Jan 6, 2026 9:03 AM",'-,NFS,active (NFS matrix 7/23/2026),,,,Listed,PCD 25-42,JUN 2002
1852.215-78,,L,1815.215-78,"Jan 6, 2026 9:04 AM",'-,NFS,active (NFS matrix 7/23/2026),,,,Listed,PCD 25-49,DEC 2025 (DEVIATION)
1852.215-85,,L,1815.110-70(f),"Jan 6, 2026 9:05 AM",'-,NFS,active (NFS matrix 7/23/2026),,,,Listed,PCD 25-49,DEC 2025 (DEVIATION)
1852.237-70,,I,1837.802-71(a),"Jan 6, 2026 9:06 AM",'-,NFS,active (NFS matrix 7/23/2026),,,,Listed,PCD 25-40,DEC 2025 (DEVIATION)
1852.237-71,,I,1852.237-71,"Jan 6, 2026 9:07 AM",'-,NFS,active (NFS matrix 7/23/2026),,,,Listed,PCD 25-40,DEC 2025 (DEVIATION)
1852.237-72,,I,1837.802-71(c),"Jan 6, 2026 9:07 AM",'-,NFS,active (NFS matrix 7/23/2026),,,,Listed,PCD 25-40,DEC 2025 (DEVIATION)
1852.237-73,,I,1837.802-71(d),"Jan 6, 2026 9:08 AM",'-,NFS,active (NFS matrix 7/23/2026),,,,Listed,PCD 25-40,DEC 2025 (DEVIATION)
1852.214-70,,L,1814.207-70(a),"Jan 6, 2026 9:09 AM",'-,NFS,active (NFS matrix 7/23/2026),,,,Listed,PCD 25-39,DEC 2025 (DEVIATION)
1852.214-71,,M,1814.207-70(b),"Jan 6, 2026 9:10 AM",'-,NFS,active (NFS matrix 7/23/2026),,,,Listed,PCD 35-39,DEC 2025 (DEVIATION)
1852.245-70,,G,1845.107-70(a)(1),"Jul 14, 2026 7:18 PM",'-,NFS,not in NFS matrix 7/23/2026 (verify: removed or renumbered),,,,,,
1852.245-70,,G,1845.107-70(a)(2),"Feb 24, 2026 2:34 PM",'-,NFS,not in NFS matrix 7/23/2026 (verify: removed or renumbered),,,,,,
1852.245-71,,G,1845-107-70(b),"Jan 14, 2026 9:29 AM",'-,NFS,not in NFS matrix 7/23/2026 (verify: removed or renumbered),,,,,,
1852.245-71,,G,1845.107-70(b)(4),"Feb 24, 2026 2:35 PM",'-,NFS,not in NFS matrix 7/23/2026 (verify: removed or renumbered),,,,,,
1852.245-72,,I,1845.107-70(c),"Jan 14, 2026 9:31 AM",'-,NFS,not in NFS matrix 7/23/2026 (verify: removed or renumbered),,,,,,
1852.245-73,,G,1845.107-70(d),"Apr 15, 2026 2:48 PM",'-,NFS,not in NFS matrix 7/23/2026 (verify: removed or renumbered),,,,,,
1852.245-74,,D,1845.107-70(e),"Jan 14, 2026 9:32 AM",'-,NFS,active (NFS matrix 7/23/2026),,,,Listed,PCD 25-36,DEC 2025 (DEVIATION)
1852.245-75,,G,1845.107-70(f),"May 21, 2026 4:29 PM",'-,NFS,active (NFS matrix 7/23/2026),,,,Listed,PCD 25-36,DEC 2025 (DEVIATION)
1852.245-76,,G,1845.107-70(g),"Jan 14, 2026 9:35 AM",'-,NFS,active (NFS matrix 7/23/2026),,,,Listed,PCD 25-36,DEC 2025 (DEVIATION)
1852.245-77,,G,1845-107-70(h),"Jan 14, 2026 9:35 AM",'-,NFS,active (NFS matrix 7/23/2026),,,,Listed,PCD 25-36,DEC 2025 (DEVIATION)
1852.245-78,,G,1845.107-70(i),"Jul 14, 2026 7:23 PM",'-,NFS,active (NFS matrix 7/23/2026),,,,Listed,PCD 25-36,JULY 2026 (DEVIATION)
1852.245-79,,G,1845.107-70(j),"Jan 14, 2026 9:37 AM",'-,NFS,active (NFS matrix 7/23/2026),,,,Listed,PCD 25-36,DEC 2025 (DEVIATION)
1852.245-80,,L,1845.107-70(k)(1),"Jan 14, 2026 9:38 AM",'-,NFS,active (NFS matrix 7/23/2026),,,,Listed,PCD 25-36,DEC 2025 (DEVIATION)
1852.245-80,,L,1845.107-70(k)(2),"Feb 24, 2026 2:35 PM",'-,NFS,active (NFS matrix 7/23/2026),,,,Listed,PCD 25-36,DEC 2025 (DEVIATION)
1852.245-81,,L,1845.107-70(l),"Jan 14, 2026 9:40 AM",'-,NFS,active (NFS matrix 7/23/2026),,,,Listed,PCD 25-36,DEC 2025 (DEVIATION)
1852.245-82,,G,1845.107-70(m),"Jan 14, 2026 9:41 AM",'-,NFS,active (NFS matrix 7/23/2026),,,,Listed,PCD 25-36,DEC 2025 (DEVIATION)
1852.245-83,,G,1845.107-70(n),"Jan 14, 2026 9:41 AM",'-,NFS,active (NFS matrix 7/23/2026),,,,Listed,PCD 25-36,DEC 2025 (DEVIATION)
NSSC XD041.G001,,G,NSSC XD041.G001,"Jul 29, 2026 7:01 PM",'-,other,not in PCD 26-03B matrix (verify),,,,,,
1852.216-73,,B,PCD 26-03,"Feb 6, 2026 5:56 PM",'-,NFS,active (NFS matrix 7/23/2026),,,,Listed,PCD 25-53,DEC 2025 (DEVIATION)
1852.216-75,,G,PCD 26-03,"Feb 6, 2026 5:56 PM",'-,NFS,active (NFS matrix 7/23/2026),,,,Listed,PCD 25-53,DEC 2025 (DEVIATION)
1852.216-76,,G,PCD 26-03,"Feb 6, 2026 5:57 PM",'-,NFS,active (NFS matrix 7/23/2026),,,,Listed,PCD 25-53,DEC 2025 (DEVIATION)
1852.216-77,,G,PCD 26-03,"Feb 6, 2026 5:58 PM",'-,NFS,active (NFS matrix 7/23/2026),,,,Listed,PCD 25-53,DEC 2025 (DEVIATION)
1852.216-78,,B,PCD 26-03,"Feb 6, 2026 5:59 PM",'-,NFS,active (NFS matrix 7/23/2026),,,,Listed,PCD 25-53,DEC 2025 (DEVIATION)
1852.216-80,,I,PCD 26-03,"Feb 6, 2026 6:01 PM",'-,NFS,active (NFS matrix 7/23/2026),,,,Listed,,APR 2018
1852.216-89,,I,PCD 26-03,"Feb 6, 2026 6:01 PM",'-,NFS,active (NFS matrix 7/23/2026),,,,Listed,PCD 25-53,DEC 2025 (DEVIATION)
1852.225-70,,H,PCD 26-03,"Feb 6, 2026 6:02 PM",'-,NFS,active (NFS matrix 7/23/2026),,,,Listed,PCD 25-54,DEC 2025 (DEVIATION)
1852.225-70,,H,PCD 26-03,"Feb 6, 2026 6:03 PM",'-,NFS,active (NFS matrix 7/23/2026),,,,Listed,PCD 25-54,DEC 2025 (DEVIATION)
1852.227-70,,G,1827.303(d)(1),"Jun 16, 2026 2:47 PM",'-,NFS,active (NFS matrix 7/23/2026),,,,Listed,PCD 26-02A,JUN 2026 (DEVIATION)
1852.227-71,,L,PCD 26-03,"Feb 6, 2026 6:05 PM",'-,NFS,active (NFS matrix 7/23/2026),,,,Listed,PCD 26-02,JAN 2026 (DEVIATION)
1852.227-72,,G,1827.303(d)(3),"Jun 18, 2026 4:49 PM",'-,NFS,active (NFS matrix 7/23/2026),,,,Listed,PCD 26-02A,JUN 2026 (DEVIATION)
1852.242-72,,H,PDC 26-03,"Jun 25, 2026 3:31 PM",'-,NFS,active (NFS matrix 7/23/2026),,,,Listed,PCD 25-51,DEC 2025 (DEVIATION)
1852.242-73,,G,PCD 26-03,"Feb 6, 2026 6:09 PM",'-,NFS,active (NFS matrix 7/23/2026),,,,Listed,PCD 25-51,DEC 2025 (DEVIATION)
C-301.2,,C,C-301.2,"May 4, 2026 5:26 PM",'-,other,not in PCD 26-03B matrix (verify),,,,,,
C-301.1,,C,C-301.1,"May 4, 2026 5:27 PM",'-,other,not in PCD 26-03B matrix (verify),,,,,,
C-301.3,,C,C-301.3,"May 4, 2026 5:27 PM",'-,other,not in PCD 26-03B matrix (verify),,,,,,
M.1.1,,M,M.1.1,"May 21, 2026 2:32 PM",'-,other,not in PCD 26-03B matrix (verify),,,,,,
L.1.1,,L,L.1.1,"May 21, 2026 4:27 PM",'-,other,not in PCD 26-03B matrix (verify),,,,,,
L.1,,L,L.1,"Aug 7, 2026 3:15 PM",'-,other,not in PCD 26-03B matrix (verify),,,,,,
M.1,,M,M.1,"Aug 7, 2026 3:25 PM",'-,other,not in PCD 26-03B matrix (verify),,,,,,
52.204-10,,I,4.208(e),"Aug 21, 2026 4:02 PM",'-,FAR,updated (PCD 26-03B),,,,Updated,52.204-10,JAN 2026 (PCD 26-03)
52.204-13,,I,4.208(b)(2),"Aug 21, 2026 4:03 PM",'-,FAR,updated (PCD 26-03B),,,,Updated,52.204-13,JAN 2026 (PCD 26-03)
52.204-91,,I,4.208(c)(2),"Aug 21, 2026 4:06 PM",'-,FAR,not in PCD 26-03B matrix (verify),,,,,,
52.208-9,,I,8.105-1(b),"Aug 21, 2026 4:06 PM",'-,FAR,updated (PCD 26-03B),,,,Updated,52.208-9,JAN 2026 (PCD 26-03)
52.209-10,,I,9.108-6(b),"Aug 21, 2026 4:08 PM",'-,FAR,updated (PCD 26-03B),,,,Updated,52.209-10,JAN 2026 (PCD 26-03)
52.215-2,,I,15.110(b)(1),"Aug 21, 2026 4:22 PM",'-,FAR,updated (PCD 26-03B),,,,Updated,52.215-2,JAN 2026 (PCD 26-03)
52.215-8,,I,15.110(h),"Aug 21, 2026 4:25 PM",'-,FAR,updated (PCD 26-03B),,,,Updated,52.215-8,JAN 2026 (PCD 26-03)
52.219-6,,I,19.104-3(a),"Aug 21, 2026 4:43 PM",'-,FAR,updated (PCD 26-03B),,,,Updated,52.219-6,JAN 2026 (PCD 26-03)
52.219-8,,I,19.109(e)(1),"Aug 21, 2026 4:43 PM",'-,FAR,updated (PCD 26-03B),,,,Updated,52.219-8,JAN 2026 (PCD 26-03)
52.219-28,,I,19.101(a)(2)(iii)(A),"Aug 21, 2026 4:41 PM",'-,FAR,updated (PCD 26-03B),,,,Updated,52.219-28,JAN 2026 (PCD 26-03)
52.222-35,,I,22.1302-2(a)(1),"Aug 21, 2026 4:51 PM",'-,FAR,updated (PCD 26-03B),,,,Updated,52.222-35,JAN 2026 (PCD 26-03)
52.222-36,,I,22.1401-2(a)(1),"Aug 21, 2026 4:51 PM",'-,FAR,updated (PCD 26-03B),,,,Updated,52.222-36,JAN 2026 (PCD 26-03)
52.222-37,,I,22.1302-2(b),"Aug 21, 2026 4:52 PM",'-,FAR,updated (PCD 26-03B),,,,Updated,52.222-37,JAN 2026 (PCD 26-03)
52.222-54,,I,22.1802-2,"Aug 21, 2026 4:05 PM",'-,FAR,updated (PCD 26-03B),,,,Updated,52.222-54,JAN 2026 (PCD 26-03)
52.225-1,,I,25.601(a)(1)(i),"Aug 21, 2026 4:12 PM",'-,FAR,updated (PCD 26-03B),,,,Updated,52.225-1,JAN 2026 (PCD 26-03)
52.233-1,,I,33.205-9(a),"Aug 21, 2026 4:27 PM",'-,FAR,updated (PCD 26-03B),,,,Updated,52.233-1,JAN 2026 (PCD 26-03)
52.233-3,,I,33.107(b),"Aug 21, 2026 4:28 PM",'-,FAR,updated (PCD 26-03B),,,,Updated,52.233-3,JAN 2026 (PCD 26-03)
52.240-90,,K,40.205(a),"Aug 21, 2026 4:36 PM",'-,FAR,not in PCD 26-03B matrix (verify),,,,,,
52.240-91,,I,40.205(b),"Aug 21, 2026 4:36 PM",'-,FAR,not in PCD 26-03B matrix (verify),,,,,,
52.240-91,,I,40.205(c),"Aug 21, 2026 4:37 PM",'-,FAR,not in PCD 26-03B matrix (verify),,,,,,
52.240-92,,I,40.302-3(a),"Aug 21, 2026 4:37 PM",'-,FAR,not in PCD 26-03B matrix (verify),,,,,,
52.240-92,,I,40.302-3(b),"Aug 21, 2026 4:37 PM",'-,FAR,not in PCD 26-03B matrix (verify),,,,,,
52.240-92,,I,40.302-3(c),"Aug 21, 2026 4:37 PM",'-,FAR,not in PCD 26-03B matrix (verify),,,,,,
52.240-93,,I,40.303-2,"Aug 21, 2026 4:38 PM",'-,FAR,not in PCD 26-03B matrix (verify),,,,,,
52.243-1,,I,43.305(a)(1),"Aug 21, 2026 4:38 PM",'-,FAR,updated (PCD 26-03B),,,,Updated,52.243-1,JAN 2026 (PCD 26-03)
52.253-1,,I,53.111,"Aug 21, 2026 4:45 PM",'-,FAR,updated (PCD 26-03B),,,,Updated,52.253-1,JAN 2026 (PCD 26-03)
52.222-50,,I,22.1703-2(a)(1),"Aug 21, 2026 4:04 PM",'-,FAR,updated (PCD 26-03B),,,,Updated,52.222-50,JAN 2026 (PCD 26-03)
52.219-28,,I,19.101(a)(2)(iii)(B),"Aug 21, 2026 4:41 PM",'-,FAR,updated (PCD 26-03B),,,,Updated,52.219-28,JAN 2026 (PCD 26-03)
52.233-3,,I,33.107(b),"Aug 21, 2026 4:28 PM",'-,FAR,updated (PCD 26-03B),,,,Updated,52.233-3,JAN 2026 (PCD 26-03)
52.232-90,,I,32.1204,"Aug 21, 2026 4:26 PM",'-,FAR,not in PCD 26-03B matrix (verify),,,,,,
52.204-14,,I,4.208(f)(2),"Aug 21, 2026 4:04 PM",'-,FAR,updated (PCD 26-03B),,,,Updated,52.204-14,JAN 2026 (PCD 26-03)
52.204-15,,I,4.208(f)(3),"Aug 21, 2026 4:04 PM",'-,FAR,updated (PCD 26-03B),,,,Updated,52.204-15,JAN 2026 (PCD 26-03)
52.209-9,,I,9.104-7(c),"Aug 21, 2026 4:11 PM",'-,FAR,updated (PCD 26-03B),,,,Updated,52.209-9,JAN 2026 (PCD 26-03)
52.210-1,,I,10.002,"Aug 21, 2026 4:11 PM",'-,FAR,updated (PCD 26-03B),,,,Updated,52.210-1,JAN 2026 (PCD 26-03)
52.211-5,,I,11.302,"Aug 21, 2026 4:12 PM",'-,FAR,updated (PCD 26-03B),,,,Updated,52.211-5,JAN 2026 (PCD 26-03)
52.212-4,,I,12.205(b)(3),"Aug 21, 2026 4:13 PM",'-,FAR,updated (PCD 26-03B),,,,Updated,52.212-4,JAN 2026 (PCD 26-03)
52.215-11,,I,15.110(k),"Aug 21, 2026 4:19 PM",'-,FAR,updated (PCD 26-03B),,,,Updated,52.215-11,JAN 2026 (PCD 26-03)
52.215-12,,I,15.110(l),"Aug 21, 2026 4:19 PM",'-,FAR,updated (PCD 26-03B),,,,Updated,52.215-12,JAN 2026 (PCD 26-03)
52.215-13,,I,15.110(m),"Aug 21, 2026 4:20 PM",'-,FAR,updated (PCD 26-03B),,,,Updated,52.215-13,JAN 2026 (PCD 26-03)
52.215-15,,I,15.110(o),"Aug 21, 2026 4:20 PM",'-,FAR,updated (PCD 26-03B),,,,Updated,52.215-15,JAN 2026 (PCD 26-03)
52.215-18,,I,15.110(r),"Aug 21, 2026 4:20 PM",'-,FAR,updated (PCD 26-03B),,,,Updated,52.215-18,JAN 2026 (PCD 26-03)
52.215-19,,I,15.110(s),"Aug 21, 2026 4:21 PM",'-,FAR,updated (PCD 26-03B),,,,Updated,52.215-19,JAN 2026 (PCD 26-03)
52.215-23,,I,15.110(v),"Aug 21, 2026 4:24 PM",'-,FAR,updated (PCD 26-03B),,,,Updated,52.215-23,JAN 2026 (PCD 26-03)
52.216-7,,I,16.305(a),"Aug 21, 2026 4:37 PM",'-,FAR,updated (PCD 26-03B),,,,Updated,52.216-7,JAN 2026 (PCD 26-03)
52.216-22,,I,16.505(e),"Aug 21, 2026 4:34 PM",'-,FAR,updated (PCD 26-03B),,,,Updated,52.216-22,JAN 2026 (PCD 26-03)
52.219-14,,I,19.104-3(c),"Aug 21, 2026 4:39 PM",'-,FAR,updated (PCD 26-03B),,,,Updated,52.219-14,JAN 2026 (PCD 26-03)
52.230-2,,I,30.205(a),"Aug 21, 2026 4:22 PM",'-,FAR,updated (PCD 26-03B),,,,Updated,52.230-2,JAN 2026 (PCD 26-03)
52.232-22,,I,32.706-2(b),"Sep 3, 2026 3:31 PM",'-,FAR,updated (PCD 26-03B),,,,Updated,52.232-22,JAN 2026 (PCD 26-03)
52.242-3,,I,42.508-7,"Aug 21, 2026 4:38 PM",'-,FAR,updated (PCD 26-03B),,,,Updated,52.242-3,JAN 2026 (PCD 26-03)
52.216-22,,I,16.505(e)(1),"Aug 21, 2026 4:34 PM",'-,FAR,updated (PCD 26-03B),,,,Updated,52.216-22,JAN 2026 (PCD 26-03)
52.216-22,,I,16.505(e)(2),"Aug 21, 2026 4:34 PM",'-,FAR,updated (PCD 26-03B),,,,Updated,52.216-22,JAN 2026 (PCD 26-03)
52.204-7,,L,4.208(b)(1),"Aug 21, 2026 4:05 PM",'-,FAR,updated (PCD 26-03B),,,,Updated,52.204-7,JAN 2026 (PCD 26-03)
52.204-7,,L,4.208(b)(1),"Aug 21, 2026 4:05 PM",'-,FAR,updated (PCD 26-03B),,,,Updated,52.204-7,JAN 2026 (PCD 26-03)
52.209-7,,K,9.104-7(b),"Aug 21, 2026 4:10 PM",'-,FAR,updated (PCD 26-03B),,,,Updated,52.209-7,JAN 2026 (PCD 26-03)
52.209-13,,K,9.109-5,"Aug 21, 2026 4:08 PM",'-,FAR,updated (PCD 26-03B),,,,Updated,52.209-13,JAN 2026 (PCD 26-03)
52.212-1,,L,12.205(a)(1),"Aug 21, 2026 4:12 PM",'-,FAR,updated (PCD 26-03B),,,,Updated,52.212-1,JAN 2026 (PCD 26-03)
52.219-4,,I,19.110(b),"Sep 3, 2026 3:27 PM",'-,FAR,updated (PCD 26-03B),,,,Updated,52.219-4,JAN 2026 (PCD 26-03)
52.219-9,,I,19.109(e)(2)(i),"Aug 21, 2026 4:44 PM",'-,FAR,updated (PCD 26-03B),,,,Updated,52.219-9,JAN 2026 (PCD 26-03)
52.219-9,,I,19.109(e)(2)(i)(A),"Aug 21, 2026 4:44 PM",'-,FAR,updated (PCD 26-03B),,,,Updated,52.219-9,JAN 2026 (PCD 26-03)
52.219-9,,I,19.109(e)(2)(i)(b),"Aug 21, 2026 4:44 PM",'-,FAR,updated (PCD 26-03B),,,,Updated,52.219-9,JAN 2026 (PCD 26-03)
52.219-9,,I,19.109(e)(2)(i)(C),"Aug 21, 2026 4:45 PM",'-,FAR,updated (PCD 26-03B),,,,Updated,52.219-9,JAN 2026 (PCD 26-03)
52.219-9,,I,19.302-1(b)(1),"Aug 21, 2026 4:45 PM",'-,FAR,updated (PCD 26-03B),,,,Updated,52.219-9,JAN 2026 (PCD 26-03)
52.219-16,,I,19.109(e)(2)(ii) and 19.302-1(b)(2),"Aug 21, 2026 4:39 PM",'-,FAR,updated (PCD 26-03B),,,,Updated,52.219-16,JAN 2026 (PCD 26-03)
52.222-4,,I,22.301-2,"Aug 21, 2026 4:52 PM",'-,FAR,updated (PCD 26-03B),,,,Updated,52.222-4,JAN 2026 (PCD 26-03)
52.222-6,,I,22.402-4(a)(1),"Aug 21, 2026 4:08 PM",'-,FAR,updated (PCD 26-03B),,,,Updated,52.222-6,JAN 2026 (PCD 26-03)
52.212-4,,I,12.205(b),"Aug 21, 2026 4:13 PM",'-,FAR,updated (PCD 26-03B),,,,Updated,52.212-4,JAN 2026 (PCD 26-03)
52.222-11,,I,22.402-4(a)(6),"Aug 21, 2026 4:46 PM",'-,FAR,updated (PCD 26-03B),,,,Updated,52.222-11,JAN 2026 (PCD 26-03)
52.223-3,,I,23.304(a)(1),"Aug 21, 2026 4:10 PM",'-,FAR,updated (PCD 26-03B),,,,Updated,52.223-3,JAN 2026 (PCD 26-03)
52.223-3,,I,23.304(a)(1),"Aug 21, 2026 4:10 PM",'-,FAR,updated (PCD 26-03B),,,,Updated,52.223-3,JAN 2026 (PCD 26-03)
52.223-11,,I,23.108(d)(1),"Aug 21, 2026 4:11 PM",'-,FAR,updated (PCD 26-03B),,,,Updated,52.223-11,JAN 2026 (PCD 26-03)
52.230-6,,I,30.205(d)(1),"Aug 21, 2026 4:23 PM",'-,FAR,updated (PCD 26-03B),,,,Updated,52.230-6,JAN 2026 (PCD 26-03)
52.236-22,,I,36.102-4(a),"Sep 3, 2026 3:33 PM",'-,FAR,updated (PCD 26-03B),,,,Updated,52.236-22,JAN 2026 (PCD 26-03)
52.236-23,,K,36.102-4(b),"Sep 3, 2026 3:34 PM",'-,FAR,updated (PCD 26-03B),,,,Updated,52.236-23,JAN 2026 (PCD 26-03)
52.243-2,,I,43.305(b)(1),"Aug 21, 2026 4:40 PM",'-,FAR,updated (PCD 26-03B),,,,Updated,52.243-2,JAN 2026 (PCD 26-03)
52.243-2,,I,43.305(b)(2),"Aug 21, 2026 4:41 PM",'-,FAR,updated (PCD 26-03B),,,,Updated,52.243-2,JAN 2026 (PCD 26-03)
52.243-2,,I,43.305(b)(3),"Aug 21, 2026 4:41 PM",'-,FAR,updated (PCD 26-03B),,,,Updated,52.243-2,JAN 2026 (PCD 26-03)
52.243-2,,I,43.305(b)(4),"Aug 21, 2026 4:41 PM",'-,FAR,updated (PCD 26-03B),,,,Updated,52.243-2,JAN 2026 (PCD 26-03)
52.243-2,,I,43.305(b)(6),"Aug 21, 2026 4:42 PM",'-,FAR,updated (PCD 26-03B),,,,Updated,52.243-2,JAN 2026 (PCD 26-03)
52.243-6,,I,43.305(f),"Aug 21, 2026 4:43 PM",'-,FAR,updated (PCD 26-03B),,,,Updated,52.243-6,JAN 2026 (PCD 26-03)
52.243-7,,I,43.206,"Aug 21, 2026 4:43 PM",'-,FAR,updated (PCD 26-03B),,,,Updated,52.243-7,JAN 2026 (PCD 26-03)
52.212-2,,M,12.205(a)(2),"Aug 21, 2026 4:13 PM",'-,FAR,updated (PCD 26-03B),,,,Updated,52.212-2,JAN 2026 (PCD 26-03)
52.233-2,,L,33.107(a),"Aug 21, 2026 4:27 PM",'-,FAR,updated (PCD 26-03B),,,,Updated,52.233-2,JAN 2026 (PCD 26-03)
52.243-4,,I,43.305(d),"Aug 21, 2026 4:42 PM",'-,FAR,updated (PCD 26-03B),,,,Updated,52.243-4,JAN 2026 (PCD 26-03)
52.216-1,,L,16.104,"Aug 21, 2026 4:26 PM",'-,FAR,updated (PCD 26-03B),,,,Updated,52.216-1,JAN 2026 (PCD 26-03)
52.216-1,,L,16.104,"Aug 21, 2026 4:27 PM",'-,FAR,updated (PCD 26-03B),,,,Updated,52.216-1,JAN 2026 (PCD 26-03)
52.223-7,,I,23.304(b),"Aug 21, 2026 4:11 PM",'-,FAR,updated (PCD 26-03B),,,,Updated,52.223-7,JAN 2026 (PCD 26-03)
52.225-9,,I,25.602(a),"Aug 21, 2026 4:15 PM",'-,FAR,updated (PCD 26-03B),,,,Updated,52.225-9,JAN 2026 (PCD 26-03)
52.236-2,,I,36.101-7(a),"Aug 21, 2026 4:29 PM",'-,FAR,updated (PCD 26-03B),,,,Updated,52.236-2,JAN 2026 (PCD 26-03)
52.236-3,,I,36.101-7(a),"Sep 3, 2026 3:34 PM",'-,FAR,updated (PCD 26-03B),,,,Updated,52.236-3,JAN 2026 (PCD 26-03)
52.236-5,,I,36.101-7(b),"Aug 21, 2026 4:30 PM",'-,FAR,updated (PCD 26-03B),,,,Updated,52.236-5,JAN 2026 (PCD 26-03)
52.236-6,,I,36.101-7(a),"Aug 21, 2026 4:30 PM",'-,FAR,updated (PCD 26-03B),,,,Updated,52.236-6,JAN 2026 (PCD 26-03)
52.236-7,,I,36.101-7(c),"Aug 21, 2026 4:31 PM",'-,FAR,updated (PCD 26-03B),,,,Updated,52.236-7,JAN 2026 (PCD 26-03)
52.236-8,,H,36.101-7(a),"Aug 21, 2026 4:31 PM",'-,FAR,updated (PCD 26-03B),,,,Updated,52.236-8,JAN 2026 (PCD 26-03)
52.236-9,,I,36.101-7(a),"Aug 21, 2026 4:31 PM",'-,FAR,updated (PCD 26-03B),,,,Updated,52.236-9,JAN 2026 (PCD 26-03)
52.236-10,,I,36.101-7(a),"Aug 21, 2026 4:32 PM",'-,FAR,updated (PCD 26-03B),,,,Updated,52.236-10,JAN 2026 (PCD 26-03)
52.236-11,,I,36.101-7(d),"Aug 21, 2026 4:32 PM",'-,FAR,updated (PCD 26-03B),,,,Updated,52.236-11,JAN 2026 (PCD 26-03)
52.236-12,,I,36.101-7(a),"Aug 21, 2026 4:32 PM",'-,FAR,updated (PCD 26-03B),,,,Updated,52.236-12,JAN 2026 (PCD 26-03)
52.236-13,,I,36.101-7(e),"Aug 21, 2026 4:32 PM",'-,FAR,updated (PCD 26-03B),,,,Updated,52.236-13,JAN 2026 (PCD 26-03)
52.236-14,,I,36.101-7(f),"Aug 21, 2026 4:33 PM",'-,FAR,updated (PCD 26-03B),,,,Updated,52.236-14,JAN 2026 (PCD 26-03)
52.236-15,,F,36.101-7(g),"Aug 21, 2026 4:33 PM",'-,FAR,updated (PCD 26-03B),,,,Updated,52.236-15,JAN 2026 (PCD 26-03)
52.236-17,,I,36.101-7(i),"Aug 21, 2026 4:33 PM",'-,FAR,updated (PCD 26-03B),,,,Updated,52.236-17,JAN 2026 (PCD 26-03)
52.215-1,,L,15.110(a),"Sep 3, 2026 3:26 PM",'-,FAR,updated (PCD 26-03B),,,,Updated,52.215-1,JAN 2026 (PCD 26-03)
52.215-1,,L,15.110(a),"Aug 21, 2026 4:18 PM",'-,FAR,updated (PCD 26-03B),,,,Updated,52.215-1,JAN 2026 (PCD 26-03)
52.215-1,,L,15.110(a),"Sep 3, 2026 3:21 PM",'-,FAR,updated (PCD 26-03B),,,,Updated,52.215-1,JAN 2026 (PCD 26-03)
52.215-22,,L,15.110(v)(1),"Aug 21, 2026 4:22 PM",'-,FAR,updated (PCD 26-03B),,,,Updated,52.215-22,JAN 2026 (PCD 26-03)
52.216-21,,I,16.505(d),"Aug 21, 2026 4:34 PM",'-,FAR,updated (PCD 26-03B),,,,Updated,52.216-21,JAN 2026 (PCD 26-03)
52.217-5,,M,17.203(c),"Aug 21, 2026 4:38 PM",'-,FAR,updated (PCD 26-03B),,,,Updated,52.217-5,JAN 2026 (PCD 26-03)
52.219-1,,K,19.101(a)(2)(ii)(A),"Aug 21, 2026 4:39 PM",'-,FAR,updated (PCD 26-03B),,,,Updated,52.219-1,JAN 2026 (PCD 26-03)
52.222-20,,I,22.601-5,"Aug 21, 2026 4:48 PM",'-,FAR,updated (PCD 26-03B),,,,Updated,52.222-20,JAN 2026 (PCD 26-03)
52.230-3,,I,30.205(b)(1),"Aug 21, 2026 4:22 PM",'-,FAR,updated (PCD 26-03B),,,,Updated,52.230-3,JAN 2026 (PCD 26-03)
52.232-16,,I,32.502-4(a),"Aug 21, 2026 4:24 PM",'-,FAR,updated (PCD 26-03B),,,,Updated,52.232-16,JAN 2026 (PCD 26-03)
52.236-21,,K,36.101-7(k),"Aug 21, 2026 4:34 PM",'-,FAR,updated (PCD 26-03B),,,,Updated,52.236-21,JAN 2026 (PCD 26-03)
52.237-7,,I,37.601-3,"Aug 21, 2026 4:35 PM",'-,FAR,updated (PCD 26-03B),,,,Updated,52.237-7,JAN 2026 (PCD 26-03)
52.243-3,,I,43.305(c),"Aug 21, 2026 4:42 PM",'-,FAR,updated (PCD 26-03B),,,,Updated,52.243-3,JAN 2026 (PCD 26-03)
52.243-5,,I,43.305(e),"Aug 21, 2026 4:43 PM",'-,FAR,updated (PCD 26-03B),,,,Updated,52.243-5,JAN 2026 (PCD 26-03)
52.247-64,,I,47.507(a),"Sep 3, 2026 3:36 PM",'-,FAR,updated (PCD 26-03B),,,,Updated,52.247-64,JAN 2026 (PCD 26-03)
52.214-7,,L,14.207(b)(5),"Aug 21, 2026 4:16 PM",'-,FAR,updated (PCD 26-03B),,,,Updated,52.214-7,JAN 2026 (PCD 26-03)
52.215-6,,K,15.110(f),"Aug 21, 2026 4:25 PM",'-,FAR,updated (PCD 26-03B),,,,Updated,52.215-6,JAN 2026 (PCD 26-03)
52.219-33,,I,19.104-3(e)(1),"Aug 21, 2026 4:42 PM",'-,FAR,updated (PCD 26-03B),,,,Updated,52.219-33,JAN 2026 (PCD 26-03)
52.230-1,,K,30.204(a),"Aug 21, 2026 4:22 PM",'-,FAR,updated (PCD 26-03B),,,,Updated,52.230-1,JAN 2026 (PCD 26-03)
52.230-5,,I,30.205(e)(1),"Aug 21, 2026 4:22 PM",'-,FAR,updated (PCD 26-03B),,,,Updated,52.230-5,JAN 2026 (PCD 26-03)
52.232-20,,I,32.706-2(a),"Aug 21, 2026 4:24 PM",'-,FAR,updated (PCD 26-03B),,,,Updated,52.232-20,JAN 2026 (PCD 26-03)
52.236-16,,I,36.101-7(h),"Aug 21, 2026 4:33 PM",'-,FAR,updated (PCD 26-03B),,,,Updated,52.236-16,JAN 2026 (PCD 26-03)
52.237-8,,K,37.802-5(d),"Aug 21, 2026 4:35 PM",'-,FAR,updated (PCD 26-03B),,,,Updated,52.237-8,JAN 2026 (PCD 26-03)
52.209-1,,I,9.206-2,"Aug 21, 2026 4:07 PM",'-,FAR,updated (PCD 26-03B),,,,Updated,52.209-1,JAN 2026 (PCD 26-03)
52.209-2,,K,9.108-6(a),"Aug 21, 2026 4:09 PM",'-,FAR,updated (PCD 26-03B),,,,Updated,52.209-2,JAN 2026 (PCD 26-03)
52.209-5,,K,9.104-7(a),"Aug 21, 2026 4:10 PM",'-,FAR,updated (PCD 26-03B),,,,Updated,52.209-5,JAN 2026 (PCD 26-03)
52.222-1,,I,22.102-2(a),"Sep 3, 2026 3:30 PM",'-,FAR,updated (PCD 26-03B),,,,Updated,52.222-1,JAN 2026 (PCD 26-03)
52.222-3,,I,22.201-2,"Aug 21, 2026 4:50 PM",'-,FAR,updated (PCD 26-03B),,,,Updated,52.222-3,JAN 2026 (PCD 26-03)
52.222-5,,L,22.402-4(g),"Sep 3, 2026 3:29 PM",'-,FAR,updated (PCD 26-03B),,,,Updated,52.222-5,JAN 2026 (PCD 26-03)
52.222-7,,I,22.402-4(a)(2),"Aug 21, 2026 4:08 PM",'-,FAR,updated (PCD 26-03B),,,,Updated,52.222-7,JAN 2026 (PCD 26-03)
52.222-8,,I,22.402-4(a)(3),"Aug 21, 2026 4:08 PM",'-,FAR,updated (PCD 26-03B),,,,Updated,52.222-8,JAN 2026 (PCD 26-03)
52.222-10,,I,22.402-4(a)(5),"Aug 21, 2026 4:46 PM",'-,FAR,updated (PCD 26-03B),,,,Updated,52.222-10,JAN 2026 (PCD 26-03)
52.222-14,,I,22.402-4(a)(9),"Aug 21, 2026 4:46 PM",'-,FAR,updated (PCD 26-03B),,,,Updated,52.222-14,JAN 2026 (PCD 26-03)
52.222-16,,I,22.402-4(b),"Aug 21, 2026 4:46 PM",'-,FAR,updated (PCD 26-03B),,,,Updated,52.222-16,JAN 2026 (PCD 26-03)
52.222-32,,I,22.402-4(f),"Aug 21, 2026 4:50 PM",'-,FAR,updated (PCD 26-03B),,,,Updated,52.222-32,JAN 2026 (PCD 26-03)
52.222-33,,L,22.502-3(a)(1),"Aug 21, 2026 4:50 PM",'-,FAR,updated (PCD 26-03B),,,,Updated,52.222-33,JAN 2026 (PCD 26-03)
52.222-33,,L,22.502-3(a)(2),"Aug 21, 2026 4:50 PM",'-,FAR,updated (PCD 26-03B),,,,Updated,52.222-33,JAN 2026 (PCD 26-03)
52.222-33,,L,22.502-3(a)(3),"Aug 21, 2026 4:50 PM",'-,FAR,updated (PCD 26-03B),,,,Updated,52.222-33,JAN 2026 (PCD 26-03)
52.222-33,,L,22.502-3(a)(4),"Aug 21, 2026 4:51 PM",'-,FAR,updated (PCD 26-03B),,,,Updated,52.222-33,JAN 2026 (PCD 26-03)
52.222-40,,I,22.1602-2(a),"Aug 21, 2026 4:52 PM",'-,FAR,updated (PCD 26-03B),,,,Updated,52.222-40,JAN 2026 (PCD 26-03)
52.222-41,,I,22.1002-2(b)(1),"Aug 21, 2026 4:00 PM",'-,FAR,updated (PCD 26-03B),,,,Updated,52.222-41,JAN 2026 (PCD 26-03)
52.222-44,,I,22.1002-2(d)(2),"Aug 21, 2026 4:01 PM",'-,FAR,updated (PCD 26-03B),,,,Updated,52.222-44,JAN 2026 (PCD 26-03)
52.222-49,,I,22.1002-2(f),"Aug 21, 2026 4:02 PM",'-,FAR,updated (PCD 26-03B),,,,Updated,52.222-49,JAN 2026 (PCD 26-03)
52.222-55,,I,22.1906,"Aug 21, 2026 4:06 PM",'-,FAR,updated (PCD 26-03B),,,,Updated,52.222-55,JAN 2026 (PCD 26-03)
52.222-56,,L,22.1703-2(b),"Sep 3, 2026 3:30 PM",'-,FAR,updated (PCD 26-03B),,,,Updated,52.222-56,JAN 2026 (PCD 26-03)
52.222-62,,I,22.2102-5,"Aug 21, 2026 4:06 PM",'-,FAR,updated (PCD 26-03B),,,,Updated,52.222-62,JAN 2026 (PCD 26-03)
52.222-48,,K,22.1002-2(e)(1),"Aug 21, 2026 4:02 PM",'-,FAR,updated (PCD 26-03B),,,,Updated,52.222-48,JAN 2026 (PCD 26-03)
52.222-50,,I,22.1703-2(a)(2),"Aug 21, 2026 4:04 PM",'-,FAR,updated (PCD 26-03B),,,,Updated,52.222-50,JAN 2026 (PCD 26-03)
52.222-51,,I,22.1002-2(e)(2),"Aug 21, 2026 4:04 PM",'-,FAR,updated (PCD 26-03B),,,,Updated,52.222-51,JAN 2026 (PCD 26-03)
52.222-52,,K,22.1002-2(e)(3),"Aug 21, 2026 4:05 PM",'-,FAR,updated (PCD 26-03B),,,,Updated,52.222-52,JAN 2026 (PCD 26-03)
52.233-1,,I,33.205-9(a),"Aug 21, 2026 4:27 PM",'-,FAR,updated (PCD 26-03B),,,,Updated,52.233-1,JAN 2026 (PCD 26-03)
52.209-11,,K,9.104-7(d),"Aug 21, 2026 4:08 PM",'-,FAR,updated (PCD 26-03B),,,,Updated,52.209-11,JAN 2026 (PCD 26-03)
1852.219-77,,I,1819.7204,"Jul 14, 2026 7:26 PM",'-,NFS,not in NFS matrix 7/23/2026 (verify: removed or renumbered),,,,,,
1852.219-79,,I,1819.7204,"Mar 30, 2026 10:21 AM",'-,NFS,active (NFS matrix 7/23/2026),,,,Listed,PCD 26-48A,FEB 2026 (DEVIATION)
1852.208-82,,H,1808.170,"Mar 30, 2026 10:18 AM",'-,NFS,active (NFS matrix 7/23/2026),,,,Listed,PCD 25-18A,2026-03-01 00:00:00
52.214-3,,L,14.207(b)(1),"Aug 21, 2026 4:16 PM",'-,FAR,updated (PCD 26-03B),,,,Updated,52.214-3,JAN 2026 (PCD 26-03)
52.214-25,,L,14.207(o),"Aug 21, 2026 4:15 PM",'-,FAR,updated (PCD 26-03B),,,,Updated,52.214-25,JAN 2026 (PCD 26-03)
52.214-26,,I,14.208(a),"Aug 21, 2026 4:15 PM",'-,FAR,updated (PCD 26-03B),,,,Updated,52.214-26,JAN 2026 (PCD 26-03)
52.214-28,,I,14.208(c),"Aug 21, 2026 4:15 PM",'-,FAR,updated (PCD 26-03B),,,,Updated,52.214-28,JAN 2026 (PCD 26-03)
52.217-4,,M,17.203(b),"Aug 21, 2026 4:38 PM",'-,FAR,updated (PCD 26-03B),,,,Updated,52.217-4,JAN 2026 (PCD 26-03)
52.219-3,,I,19.105-4(a),"Aug 21, 2026 4:42 PM",'-,FAR,updated (PCD 26-03B),,,,Updated,52.219-3,JAN 2026 (PCD 26-03)
52.226-1,,I,26.102-2,"Aug 21, 2026 4:18 PM",'-,FAR,updated (PCD 26-03B),,,,Updated,52.226-1,JAN 2026 (PCD 26-03)
52.226-6,,I,26.402-2,"Aug 21, 2026 4:18 PM",'-,FAR,updated (PCD 26-03B),,,,Updated,52.226-6,JAN 2026 (PCD 26-03)
52.232-12,,I,32.412(a),"Aug 21, 2026 4:24 PM",'-,FAR,updated (PCD 26-03B),,,,Updated,52.232-12,JAN 2026 (PCD 26-03)
52.234-1,,I,34.105,"Aug 21, 2026 4:28 PM",'-,FAR,updated (PCD 26-03B),,,,Updated,52.234-1,JAN 2026 (PCD 26-03)
52.232-36,,I,32.1110(d),"Aug 21, 2026 4:25 PM",'-,FAR,updated (PCD 26-03B),,,,Updated,52.232-36,JAN 2026 (PCD 26-03)
52.209-3,,I,9.308-1(a) and (b),"Aug 21, 2026 4:09 PM",'-,FAR,updated (PCD 26-03B),,,,Updated,52.209-3,JAN 2026 (PCD 26-03)
52.209-4,,I,9.308-2(a) and (b),"Aug 21, 2026 4:09 PM",'-,FAR,updated (PCD 26-03B),,,,Updated,52.209-4,JAN 2026 (PCD 26-03)
52.222-2,,I,22.102-2(b),"Aug 21, 2026 4:48 PM",'-,FAR,updated (PCD 26-03B),,,,Updated,52.222-2,JAN 2026 (PCD 26-03)
52.222-34,,I,22.502-3(b)(1),"Aug 21, 2026 4:51 PM",'-,FAR,updated (PCD 26-03B),,,,Updated,52.222-34,JAN 2026 (PCD 26-03)
52.222-34,,I,22.502-3(b)(2),"Aug 21, 2026 4:51 PM",'-,FAR,updated (PCD 26-03B),,,,Updated,52.222-34,JAN 2026 (PCD 26-03)
52.222-34,,I,22.502-3(b)(3),"Aug 21, 2026 4:51 PM",'-,FAR,updated (PCD 26-03B),,,,Updated,52.222-34,JAN 2026 (PCD 26-03)
52.229-3,,I,29.401-3,"Aug 21, 2026 4:19 PM",'-,FAR,updated (PCD 26-03B),,,,Updated,52.229-3,JAN 2026 (PCD 26-03)
52.229-4,,I,29.401-3,"Aug 21, 2026 4:19 PM",'-,FAR,updated (PCD 26-03B),,,,Updated,52.229-4,JAN 2026 (PCD 26-03)
52.229-6,,I,29.402-1(a),"Aug 21, 2026 4:20 PM",'-,FAR,updated (PCD 26-03B),,,,Updated,52.229-6,JAN 2026 (PCD 26-03)
52.229-7,,I,29.402-1(b),"Aug 21, 2026 4:20 PM",'-,FAR,updated (PCD 26-03B),,,,Updated,52.229-7,JAN 2026 (PCD 26-03)
52.229-8,,I,29.402-2(a),"Aug 21, 2026 4:20 PM",'-,FAR,updated (PCD 26-03B),,,,Updated,52.229-8,JAN 2026 (PCD 26-03)
52.229-9,,I,29.402-2(b),"Aug 21, 2026 4:20 PM",'-,FAR,updated (PCD 26-03B),,,,Updated,52.229-9,JAN 2026 (PCD 26-03)
52.229-10,,I,29.401-4(b),"Aug 21, 2026 4:20 PM",'-,FAR,updated (PCD 26-03B),,,,Updated,52.229-10,JAN 2026 (PCD 26-03)
52.229-11,,I,29.402-3(a),"Aug 21, 2026 4:21 PM",'-,FAR,updated (PCD 26-03B),,,,Updated,52.229-11,JAN 2026 (PCD 26-03)
52.229-12,,I,29.402-3(b),"Aug 21, 2026 4:21 PM",'-,FAR,updated (PCD 26-03B),,,,Updated,52.229-12,JAN 2026 (PCD 26-03)
52.222-43,,I,22.1002-2(d)(1),"Aug 21, 2026 4:01 PM",'-,FAR,updated (PCD 26-03B),,,,Updated,52.222-43,JAN 2026 (PCD 26-03)
52.215-9,,I,15.110(i)(1),"Aug 21, 2026 4:25 PM",'-,FAR,no change (PCD 26-03B),,,,No Change,52.215-9,1997-10-01 00:00:00
52.215-9,,I,15.110(i)(2),"Aug 21, 2026 4:25 PM",'-,FAR,no change (PCD 26-03B),,,,No Change,52.215-9,1997-10-01 00:00:00
52.214-5,,L,14.207(b)(3),"Aug 21, 2026 4:16 PM",'-,FAR,updated (PCD 26-03B),,,,Updated,52.214-5,JAN 2026 (PCD 26-03)
52.219-2,,K,19.203(b),"Aug 21, 2026 4:40 PM",'-,FAR,updated (PCD 26-03B),,,,Updated,52.219-2,JAN 2026 (PCD 26-03)
52.219-10,,I,19.109(f)(1),"Aug 21, 2026 4:39 PM",'-,FAR,updated (PCD 26-03B),,,,Updated,52.219-10,JAN 2026 (PCD 26-03)
52.216-5,,I,16.204-4(d),"Aug 21, 2026 4:37 PM",'-,FAR,updated (PCD 26-03B),,,,Updated,52.216-5,JAN 2026 (PCD 26-03)
52.216-6,,I,16.205-4,"Aug 21, 2026 4:37 PM",'-,FAR,updated (PCD 26-03B),,,,Updated,52.216-6,JAN 2026 (PCD 26-03)
52.216-16,,I,16.406(a),"Aug 21, 2026 4:33 PM",'-,FAR,updated (PCD 26-03B),,,,Updated,52.216-16,JAN 2026 (PCD 26-03)
52.216-17,,I,16.406(b),"Aug 21, 2026 4:33 PM",'-,FAR,updated (PCD 26-03B),,,,Updated,52.216-17,JAN 2026 (PCD 26-03)
52.248-1,,I,48.201,"Aug 21, 2026 4:44 PM",'-,FAR,updated (PCD 26-03B),,,,Updated,52.248-1,JAN 2026 (PCD 26-03)
52.215-20,,L,15.110(t),"Aug 21, 2026 4:23 PM",'-,FAR,updated (PCD 26-03B),,,,Updated,52.215-20,JAN 2026 (PCD 26-03)
52.215-21,,I,15.110(u),"Aug 21, 2026 4:23 PM",'-,FAR,updated (PCD 26-03B),,,,Updated,52.215-21,JAN 2026 (PCD 26-03)
52.215-20,,L,15.110(t),"Aug 21, 2026 4:23 PM",'-,FAR,updated (PCD 26-03B),,,,Updated,52.215-20,JAN 2026 (PCD 26-03)
52.215-20,,L,15.110(t),"Aug 21, 2026 4:23 PM",'-,FAR,updated (PCD 26-03B),,,,Updated,52.215-20,JAN 2026 (PCD 26-03)
52.215-21,,I,15.110(u),"Aug 21, 2026 4:24 PM",'-,FAR,updated (PCD 26-03B),,,,Updated,52.215-21,JAN 2026 (PCD 26-03)
52.215-21,,I,15.110(u),"Aug 21, 2026 4:24 PM",'-,FAR,updated (PCD 26-03B),,,,Updated,52.215-21,JAN 2026 (PCD 26-03)
52.243-1,,I,43.305(a)(2),"Aug 21, 2026 4:39 PM",'-,FAR,updated (PCD 26-03B),,,,Updated,52.243-1,JAN 2026 (PCD 26-03)
52.243-1,,I,43.305(a)(3),"Aug 21, 2026 4:39 PM",'-,FAR,updated (PCD 26-03B),,,,Updated,52.243-1,JAN 2026 (PCD 26-03)
52.243-1,,I,43.305(a)(4),"Aug 21, 2026 4:39 PM",'-,FAR,updated (PCD 26-03B),,,,Updated,52.243-1,JAN 2026 (PCD 26-03)
52.243-1,,I,43.305(a)(5),"Aug 21, 2026 4:40 PM",'-,FAR,updated (PCD 26-03B),,,,Updated,52.243-1,JAN 2026 (PCD 26-03)
52.243-1,,I,43.305(a)(6),"Aug 21, 2026 4:40 PM",'-,FAR,updated (PCD 26-03B),,,,Updated,52.243-1,JAN 2026 (PCD 26-03)
52.233-4,,I,33.205-9(b),"Aug 21, 2026 4:28 PM",'-,FAR,updated (PCD 26-03B),,,,Updated,52.233-4,JAN 2026 (PCD 26-03)
52.204-13,,I,4.208(b)(2),"Aug 21, 2026 4:03 PM",'-,FAR,updated (PCD 26-03B),,,,Updated,52.204-13,JAN 2026 (PCD 26-03)
52.215-12,,I,15.110(I)(2),"Aug 21, 2026 4:20 PM",'-,FAR,updated (PCD 26-03B),,,,Updated,52.215-12,JAN 2026 (PCD 26-03)
52.215-13,,I,15.110(m)(2),"Aug 21, 2026 4:20 PM",'-,FAR,updated (PCD 26-03B),,,,Updated,52.215-13,JAN 2026 (PCD 26-03)
52.230-4,,I,30.205(c)(1),"Aug 21, 2026 4:22 PM",'-,FAR,updated (PCD 26-03B),,,,Updated,52.230-4,JAN 2026 (PCD 26-03)
52.232-3,,I,32.111(a)(3),"Aug 21, 2026 4:23 PM",'-,FAR,updated (PCD 26-03B),,,,Updated,52.232-3,JAN 2026 (PCD 26-03)
52.234-4,,H,34.203,"Aug 21, 2026 4:29 PM",'-,FAR,updated (PCD 26-03B),,,,Updated,52.234-4,JAN 2026 (PCD 26-03)
52.237-9,,I,37.802-5(e),"Aug 21, 2026 4:35 PM",'-,FAR,updated (PCD 26-03B),,,,Updated,52.237-9,JAN 2026 (PCD 26-03)
52.250-5,,I,50.206(d),"Aug 21, 2026 4:45 PM",'-,FAR,updated (PCD 26-03B),,,,Updated,52.250-5,JAN 2026 (PCD 26-03)
52.216-25,,I,16.603-4(b)(3),"Aug 21, 2026 4:35 PM",'-,FAR,updated (PCD 26-03B),,,,Updated,52.216-25,JAN 2026 (PCD 26-03)
52.226-5,,I,26.202-3(c),"Aug 21, 2026 4:18 PM",'-,FAR,updated (PCD 26-03B),,,,Updated,52.226-5,JAN 2026 (PCD 26-03)
52.229-2,,I,29.401-2,"Aug 21, 2026 4:19 PM",'-,FAR,updated (PCD 26-03B),,,,Updated,52.229-2,JAN 2026 (PCD 26-03)
52.209-6,,I,9.409,"Aug 21, 2026 4:10 PM",'-,FAR,updated (PCD 26-03B),,,,Updated,52.209-6,JAN 2026 (PCD 26-03)
52.214-23,,L,14.207(m),"Aug 21, 2026 4:15 PM",'-,FAR,updated (PCD 26-03B),,,,Updated,52.214-23,JAN 2026 (PCD 26-03)
52.219-29,,I,19.107-4(a),"Aug 21, 2026 4:41 PM",'-,FAR,updated (PCD 26-03B),,,,Updated,52.219-29,JAN 2026 (PCD 26-03)
52.219-30,,I,19.107-4(b),"Aug 21, 2026 4:42 PM",'-,FAR,updated (PCD 26-03B),,,,Updated,52.219-30,JAN 2026 (PCD 26-03)
52.222-53,,I,22.1002-2(e)(4),"Aug 21, 2026 4:05 PM",'-,FAR,updated (PCD 26-03B),,,,Updated,52.222-53,JAN 2026 (PCD 26-03)
52.223-12,,I,23.108(d)(2),"Aug 21, 2026 4:11 PM",'-,FAR,updated (PCD 26-03B),,,,Updated,52.223-12,JAN 2026 (PCD 26-03)
52.247-52,,F,47.305-6(f)(2),"Aug 21, 2026 4:44 PM",'-,FAR,updated (PCD 26-03B),,,,Updated,52.247-52,JAN 2026 (PCD 26-03)
52.222-90,,I,22.2203,"Apr 21, 2026 12:17 PM",'-,FAR,not in PCD 26-03B matrix (verify),,,,,,
C-301.4,,C,C-301.4,"May 4, 2026 5:26 PM",'-,other,not in PCD 26-03B matrix (verify),,,,,,
L.2,,L,L.2,"May 4, 2026 5:29 PM",'-,other,not in PCD 26-03B matrix (verify),,,,,,
1852.226-70,,I,1826.570-2,"Apr 28, 2026 4:42 PM",'-,NFS,active (NFS matrix 7/23/2026),,,,Listed,PCD 26-17A,2026-02-01 00:00:00
1852.226-71,,H,1826.7001(a),"Apr 28, 2026 4:46 PM",'-,NFS,active (NFS matrix 7/23/2026),,,,Listed,PCD 26-17A,2026-02-01 00:00:00
1852.226-72,,L,1826.7001(c),"Apr 28, 2026 4:48 PM",'-,NFS,active (NFS matrix 7/23/2026),,,,Listed,PCD 26-17A,2026-02-01 00:00:00
1852.226-72,,L,1826.7001(c),"Apr 28, 2026 4:50 PM",'-,NFS,active (NFS matrix 7/23/2026),,,,Listed,PCD 26-17A,2026-02-01 00:00:00
1852.226-73,,H,1826.7001(e)(2),"Apr 28, 2026 4:55 PM",'-,NFS,active (NFS matrix 7/23/2026),,,,Listed,PCD 26-17A,2026-02-01 00:00:00
1852.226-73,,H,1826.7001(e)(1),"Apr 28, 2026 4:56 PM",'-,NFS,active (NFS matrix 7/23/2026),,,,Listed,PCD 26-17A,2026-02-01 00:00:00
1852.226-74,,H,1826.7001(f),"Apr 28, 2026 4:59 PM",'-,NFS,active (NFS matrix 7/23/2026),,,,Listed,PCD 26-17A,2026-02-01 00:00:00
1852.227-11,,I,1827.303(b)(1),"Jun 16, 2026 3:11 PM",'-,NFS,active (NFS matrix 7/23/2026),,,,Listed,PCD 26-02,JAN 2026 (DEVIATION)
1852.227-85,,G,1827.303(e)(1),"Jun 16, 2026 2:59 PM",'-,NFS,active (NFS matrix 7/23/2026),,,,Listed,PCD 26-02A,JUN 2026 (DEVIATION)
1852.225-73,,G,1825.7101(a),"Apr 29, 2026 11:28 AM",'-,NFS,active (NFS matrix 7/23/2026),,,,Listed,PCD 26-54A,2026-02-01 00:00:00
1852.225-74,,I,1826.7101(b),"Apr 29, 2026 11:30 AM",'-,NFS,active (NFS matrix 7/23/2026),,,,Listed,PCD 26-54A,2026-02-01 00:00:00
L.3,,L,NFS CG 1815.18,"May 22, 2026 1:31 PM",'-,other,not in PCD 26-03B matrix (verify),,,,,,
1852.227-14,,I,1827.409(b)(1),"Jun 16, 2026 2:36 PM",'-,NFS,active (NFS matrix 7/23/2026),,,,Listed,PCD 26-02A,JUN 2026 (DEVIATION)
C-301.5,,C,C-301.5,"Jun 17, 2026 5:03 PM",'-,other,not in PCD 26-03B matrix (verify),,,,,,
GCAT 2.7,,I,GCAT 2.7,"Jul 17, 2026 9:36 AM",'-,other,not in PCD 26-03B matrix (verify),,,,,,
C-301.6,,C,C-301.6,"Jul 30, 2026 1:28 PM",'-,other,not in PCD 26-03B matrix (verify),,,,,,
52.216-11,,I,16.305(e)(2),"Aug 24, 2026 1:39 PM",'-,FAR,no change (PCD 26-03B),,,,No Change,52.216-11,1984-04-01 00:00:00
52.216-12,,I,16.305(f)(2),"Aug 24, 2026 1:40 PM",'-,FAR,no change (PCD 26-03B),,,,No Change,52.216-12,1984-04-01 00:00:00
52.204-90,,K,4.208(c)(1),"Sep 3, 2026 1:01 PM",'-,FAR,not in PCD 26-03B matrix (verify),,,,,,
52.204-91,,I,4.208(c)(2),"Sep 3, 2026 1:07 PM",'-,FAR,not in PCD 26-03B matrix (verify),,,,,,
52.240-90,,K,40.205(a),"Sep 3, 2026 1:52 PM",'-,FAR,not in PCD 26-03B matrix (verify),,,,,,
52.240-91,,I,40.205(b),"Sep 3, 2026 2:43 PM",'-,FAR,not in PCD 26-03B matrix (verify),,,,,,
52.240-91,,I,40.205(c),"Sep 3, 2026 2:51 PM",'-,FAR,not in PCD 26-03B matrix (verify),,,,,,
52.240-92,,I,40.302-3,"Sep 3, 2026 2:58 PM",'-,FAR,not in PCD 26-03B matrix (verify),,,,,,
52.240-92,,I,40.302-3(b),"Sep 3, 2026 3:01 PM",'-,FAR,not in PCD 26-03B matrix (verify),,,,,,
52.240-92,,I,40.302-3(c),"Sep 3, 2026 3:03 PM",'-,FAR,not in PCD 26-03B matrix (verify),,,,,,
52.240-93,,I,40.303-2,"Sep 3, 2026 3:06 PM",'-,FAR,not in PCD 26-03B matrix (verify),,,,,,
52.232-90,,I,32.1204,"Sep 3, 2026 3:09 PM",'-,FAR,not in PCD 26-03B matrix (verify),,,,,,
